Series,Seasonality,1,2,3,4,5,6,7,8,9,10,11,12
YAF2  ,1,1,0,0,0,0,0,0,0,0,0,0,0
YAF3  ,1,1,0,0,0,0,0,0,0,0,0,0,0
YAF4  ,1,1,0,0,0,0,0,0,0,0,0,0,0
YAF5  ,1,1,0,0,0,0,0,0,0,0,0,0,0
YAF6  ,1,1,0,0,0,0,0,0,0,0,0,0,0
YAF7  ,1,1,0,0,0,0,0,0,0,0,0,0,0
YAF8  ,1,1,0,0,0,0,0,0,0,0,0,0,0
YAF9  ,1,1,0,0,0,0,0,0,0,0,0,0,0
YAF10 ,1,1,0,0,0,0,0,0,0,0,0,0,0
YAF11 ,1,1,0,0,0,0,0,0,0,0,0,0,0
YAF12 ,1,1,0,0,0,0,0,0,0,0,0,0,0
YAF13 ,1,1,0,0,0,0,0,0,0,0,0,0,0
YAF14 ,1,1,0,0,0,0,0,0,0,0,0,0,0
YAF15 ,1,1,0,0,0,0,0,0,0,0,0,0,0
YAF16 ,1,1,0,0,0,0,0,0,0,0,0,0,0
YAF17 ,1,1,0,0,0,0,0,0,0,0,0,0,0
YAM1  ,1,1,0,0,0,0,0,0,0,0,0,0,0
YAM2  ,1,1,0,0,0,0,0,0,0,0,0,0,0
YAM3  ,1,1,0,0,0,0,0,0,0,0,0,0,0
YAM4  ,1,1,0,0,0,0,0,0,0,0,0,0,0
YAM5  ,1,1,0,0,0,0,0,0,0,0,0,0,0
YAM6  ,1,1,0,0,0,0,0,0,0,0,0,0,0
YAM7  ,1,1,0,0,0,0,0,0,0,0,0,0,0
YAM8  ,1,1,0,0,0,0,0,0,0,0,0,0,0
YAM10 ,1,1,0,0,0,0,0,0,0,0,0,0,0
YAM11 ,1,1,0,0,0,0,0,0,0,0,0,0,0
YAM12 ,1,1,0,0,0,0,0,0,0,0,0,0,0
YAM13 ,1,1,0,0,0,0,0,0,0,0,0,0,0
YAM14 ,1,1,0,0,0,0,0,0,0,0,0,0,0
YAM15 ,1,1,0,0,0,0,0,0,0,0,0,0,0
YAM16 ,1,1,0,0,0,0,0,0,0,0,0,0,0
YAM17 ,1,1,0,0,0,0,0,0,0,0,0,0,0
YAM18 ,1,1,0,0,0,0,0,0,0,0,0,0,0
YAM19 ,1,1,0,0,0,0,0,0,0,0,0,0,0
YAM20 ,1,1,0,0,0,0,0,0,0,0,0,0,0
YAM21 ,1,1,0,0,0,0,0,0,0,0,0,0,0
YAM22 ,1,1,0,0,0,0,0,0,0,0,0,0,0
YAM23 ,1,1,0,0,0,0,0,0,0,0,0,0,0
YAM24 ,1,1,0,0,0,0,0,0,0,0,0,0,0
YAM25 ,1,1,0,0,0,0,0,0,0,0,0,0,0
YAM26 ,1,1,0,0,0,0,0,0,0,0,0,0,0
YAM27 ,1,1,0,0,0,0,0,0,0,0,0,0,0
YAM28 ,1,1,0,0,0,0,0,0,0,0,0,0,0
YAM29 ,1,1,0,0,0,0,0,0,0,0,0,0,0
YAM30 ,1,1,0,0,0,0,0,0,0,0,0,0,0
YAB1  ,1,1,0,0,0,0,0,0,0,0,0,0,0
YAB2  ,1,1,0,0,0,0,0,0,0,0,0,0,0
YAB3  ,1,1,0,0,0,0,0,0,0,0,0,0,0
YAB4  ,1,1,0,0,0,0,0,0,0,0,0,0,0
YAB5  ,1,1,0,0,0,0,0,0,0,0,0,0,0
YAB6  ,1,1,0,0,0,0,0,0,0,0,0,0,0
YAB7  ,1,1,0,0,0,0,0,0,0,0,0,0,0
YAB8  ,1,1,0,0,0,0,0,0,0,0,0,0,0
YAB9  ,1,1,0,0,0,0,0,0,0,0,0,0,0
YAB10 ,1,1,0,0,0,0,0,0,0,0,0,0,0
YAB11 ,1,1,0,0,0,0,0,0,0,0,0,0,0
YAB12 ,1,1,0,0,0,0,0,0,0,0,0,0,0
YAI1  ,1,1,0,0,0,0,0,0,0,0,0,0,0
YAI2  ,1,1,0,0,0,0,0,0,0,0,0,0,0
YAI3  ,1,1,0,0,0,0,0,0,0,0,0,0,0
YAI4  ,1,1,0,0,0,0,0,0,0,0,0,0,0
YAI5  ,1,1,0,0,0,0,0,0,0,0,0,0,0
YAI6  ,1,1,0,0,0,0,0,0,0,0,0,0,0
YAI7  ,1,1,0,0,0,0,0,0,0,0,0,0,0
YAI8  ,1,1,0,0,0,0,0,0,0,0,0,0,0
YAI9  ,1,1,0,0,0,0,0,0,0,0,0,0,0
YAI10 ,1,1,0,0,0,0,0,0,0,0,0,0,0
YAI11 ,1,1,0,0,0,0,0,0,0,0,0,0,0
YAI12 ,1,1,0,0,0,0,0,0,0,0,0,0,0
YAI13 ,1,1,0,0,0,0,0,0,0,0,0,0,0
YAI14 ,1,1,0,0,0,0,0,0,0,0,0,0,0
YAI15 ,1,1,0,0,0,0,0,0,0,0,0,0,0
YAI16 ,1,1,0,0,0,0,0,0,0,0,0,0,0
YAI17 ,1,1,0,0,0,0,0,0,0,0,0,0,0
YAI18 ,1,1,0,0,0,0,0,0,0,0,0,0,0
YAI19 ,1,1,0,0,0,0,0,0,0,0,0,0,0
YAI20 ,1,1,0,0,0,0,0,0,0,0,0,0,0
YAI21 ,1,1,0,0,0,0,0,0,0,0,0,0,0
YAI22 ,1,1,0,0,0,0,0,0,0,0,0,0,0
YAI23 ,1,1,0,0,0,0,0,0,0,0,0,0,0
YAI24 ,1,1,0,0,0,0,0,0,0,0,0,0,0
YAI25 ,1,1,0,0,0,0,0,0,0,0,0,0,0
YAI26 ,1,1,0,0,0,0,0,0,0,0,0,0,0
YAI27 ,1,1,0,0,0,0,0,0,0,0,0,0,0
YAI28 ,1,1,0,0,0,0,0,0,0,0,0,0,0
YAI29 ,1,1,0,0,0,0,0,0,0,0,0,0,0
YAI30 ,1,1,0,0,0,0,0,0,0,0,0,0,0
YAI31 ,1,1,0,0,0,0,0,0,0,0,0,0,0
YAI32 ,1,1,0,0,0,0,0,0,0,0,0,0,0
YAI33 ,1,1,0,0,0,0,0,0,0,0,0,0,0
YAI34 ,1,1,0,0,0,0,0,0,0,0,0,0,0
YAI35 ,1,1,0,0,0,0,0,0,0,0,0,0,0
YAG1  ,1,1,0,0,0,0,0,0,0,0,0,0,0
YAG2  ,1,1,0,0,0,0,0,0,0,0,0,0,0
YAG3  ,1,1,0,0,0,0,0,0,0,0,0,0,0
YAG4  ,1,1,0,0,0,0,0,0,0,0,0,0,0
YAG5  ,1,1,0,0,0,0,0,0,0,0,0,0,0
YAG6  ,1,1,0,0,0,0,0,0,0,0,0,0,0
YAG7  ,1,1,0,0,0,0,0,0,0,0,0,0,0
YAG8  ,1,1,0,0,0,0,0,0,0,0,0,0,0
YAG9  ,1,1,0,0,0,0,0,0,0,0,0,0,0
YAG10 ,1,1,0,0,0,0,0,0,0,0,0,0,0
YAG11 ,1,1,0,0,0,0,0,0,0,0,0,0,0
YAG12 ,1,1,0,0,0,0,0,0,0,0,0,0,0
YAG13 ,1,1,0,0,0,0,0,0,0,0,0,0,0
YAG14 ,1,1,0,0,0,0,0,0,0,0,0,0,0
YAG15 ,1,1,0,0,0,0,0,0,0,0,0,0,0
YAG16 ,1,1,0,0,0,0,0,0,0,0,0,0,0
YAG17 ,1,1,0,0,0,0,0,0,0,0,0,0,0
YAG18 ,1,1,0,0,0,0,0,0,0,0,0,0,0
YAG19 ,1,1,0,0,0,0,0,0,0,0,0,0,0
YAG20 ,1,1,0,0,0,0,0,0,0,0,0,0,0
YAG21 ,1,1,0,0,0,0,0,0,0,0,0,0,0
YAG22 ,1,1,0,0,0,0,0,0,0,0,0,0,0
YAG23 ,1,1,0,0,0,0,0,0,0,0,0,0,0
YAG24 ,1,1,0,0,0,0,0,0,0,0,0,0,0
YAG25 ,1,1,0,0,0,0,0,0,0,0,0,0,0
YAG26 ,1,1,0,0,0,0,0,0,0,0,0,0,0
YAG27 ,1,1,0,0,0,0,0,0,0,0,0,0,0
YAG28 ,1,1,0,0,0,0,0,0,0,0,0,0,0
YAG29 ,1,1,0,0,0,0,0,0,0,0,0,0,0
YAG30 ,1,1,0,0,0,0,0,0,0,0,0,0,0
YAC1  ,1,1,0,0,0,0,0,0,0,0,0,0,0
YAC2  ,1,1,0,0,0,0,0,0,0,0,0,0,0
YAC3  ,1,1,0,0,0,0,0,0,0,0,0,0,0
YAC4  ,1,1,0,0,0,0,0,0,0,0,0,0,0
YAC5  ,1,1,0,0,0,0,0,0,0,0,0,0,0
YAC6  ,1,1,0,0,0,0,0,0,0,0,0,0,0
YAC7  ,1,1,0,0,0,0,0,0,0,0,0,0,0
YAC8  ,1,1,0,0,0,0,0,0,0,0,0,0,0
YAC9  ,1,1,0,0,0,0,0,0,0,0,0,0,0
YAC10 ,1,1,0,0,0,0,0,0,0,0,0,0,0
YAC11 ,1,1,0,0,0,0,0,0,0,0,0,0,0
YAC12 ,1,1,0,0,0,0,0,0,0,0,0,0,0
YAC13 ,1,1,0,0,0,0,0,0,0,0,0,0,0
YAC14 ,1,1,0,0,0,0,0,0,0,0,0,0,0
YAC15 ,1,1,0,0,0,0,0,0,0,0,0,0,0
YAC16 ,1,1,0,0,0,0,0,0,0,0,0,0,0
YAC17 ,1,1,0,0,0,0,0,0,0,0,0,0,0
YAC18 ,1,1,0,0,0,0,0,0,0,0,0,0,0
YAC19 ,1,1,0,0,0,0,0,0,0,0,0,0,0
YAC20 ,1,1,0,0,0,0,0,0,0,0,0,0,0
YAC21 ,1,1,0,0,0,0,0,0,0,0,0,0,0
YAC22 ,1,1,0,0,0,0,0,0,0,0,0,0,0
YAC23 ,1,1,0,0,0,0,0,0,0,0,0,0,0
YAC24 ,1,1,0,0,0,0,0,0,0,0,0,0,0
YAC25 ,1,1,0,0,0,0,0,0,0,0,0,0,0
YAC26 ,1,1,0,0,0,0,0,0,0,0,0,0,0
YAC27 ,1,1,0,0,0,0,0,0,0,0,0,0,0
YAC28 ,1,1,0,0,0,0,0,0,0,0,0,0,0
YAC29 ,1,1,0,0,0,0,0,0,0,0,0,0,0
YAD1  ,1,1,0,0,0,0,0,0,0,0,0,0,0
YAD2  ,1,1,0,0,0,0,0,0,0,0,0,0,0
YAD3  ,1,1,0,0,0,0,0,0,0,0,0,0,0
YAD4  ,1,1,0,0,0,0,0,0,0,0,0,0,0
YAD5  ,1,1,0,0,0,0,0,0,0,0,0,0,0
YAD6  ,1,1,0,0,0,0,0,0,0,0,0,0,0
YAD7  ,1,1,0,0,0,0,0,0,0,0,0,0,0
YAD8  ,1,1,0,0,0,0,0,0,0,0,0,0,0
YAD9  ,1,1,0,0,0,0,0,0,0,0,0,0,0
YAD10 ,1,1,0,0,0,0,0,0,0,0,0,0,0
YAD11 ,1,1,0,0,0,0,0,0,0,0,0,0,0
YAD12 ,1,1,0,0,0,0,0,0,0,0,0,0,0
YAD13 ,1,1,0,0,0,0,0,0,0,0,0,0,0
YAD14 ,1,1,0,0,0,0,0,0,0,0,0,0,0
YAD15 ,1,1,0,0,0,0,0,0,0,0,0,0,0
YAD16 ,1,1,0,0,0,0,0,0,0,0,0,0,0
YAD17 ,1,1,0,0,0,0,0,0,0,0,0,0,0
YAD18 ,1,1,0,0,0,0,0,0,0,0,0,0,0
YAD19 ,1,1,0,0,0,0,0,0,0,0,0,0,0
YAD20 ,1,1,0,0,0,0,0,0,0,0,0,0,0
YAD21 ,1,1,0,0,0,0,0,0,0,0,0,0,0
YAD22 ,1,1,0,0,0,0,0,0,0,0,0,0,0
YAD23 ,1,1,0,0,0,0,0,0,0,0,0,0,0
YAD24 ,1,1,0,0,0,0,0,0,0,0,0,0,0
YAD25 ,1,1,0,0,0,0,0,0,0,0,0,0,0
YAD26 ,1,1,0,0,0,0,0,0,0,0,0,0,0
YAD27 ,1,1,0,0,0,0,0,0,0,0,0,0,0
YAD28 ,1,1,0,0,0,0,0,0,0,0,0,0,0
YAD29 ,1,1,0,0,0,0,0,0,0,0,0,0,0
YAD30 ,1,1,0,0,0,0,0,0,0,0,0,0,0
QRF1  ,1,1,1,1,1,0,0,0,0,0,0,0,0
QRF2  ,1,1,1,1,1,0,0,0,0,0,0,0,0
QRM1  ,4,0.752,1.086,1.089,1.073,0,0,0,0,0,0,0,0
QNF1  ,4,1.076,1.052,0.824,1.048,0,0,0,0,0,0,0,0
QNF2  ,1,1,1,1,1,0,0,0,0,0,0,0,0
QNF3  ,1,1,1,1,1,0,0,0,0,0,0,0,0
QNM1  ,4,0.681,1.584,1.131,0.604,0,0,0,0,0,0,0,0
QNM2  ,4,0.849,1.071,1.015,1.064,0,0,0,0,0,0,0,0
QNM3  ,1,1,1,1,1,0,0,0,0,0,0,0,0
QNM4  ,4,1.067,1.057,0.927,0.949,0,0,0,0,0,0,0,0
QNM5  ,4,0.849,1.071,1.015,1.064,0,0,0,0,0,0,0,0
QNM6  ,1,1,1,1,1,0,0,0,0,0,0,0,0
QNM7  ,1,1,1,1,1,0,0,0,0,0,0,0,0
QNM8  ,4,0.954,0.997,1.019,1.03,0,0,0,0,0,0,0,0
QNM9  ,4,1.009,0.958,1.031,1.002,0,0,0,0,0,0,0,0
QNM10 ,1,1,1,1,1,0,0,0,0,0,0,0,0
QNM11 ,1,1,1,1,1,0,0,0,0,0,0,0,0
QNM12 ,4,0.986,0.977,0.991,1.047,0,0,0,0,0,0,0,0
QNM13 ,1,1,1,1,1,0,0,0,0,0,0,0,0
QNM14 ,1,1,1,1,1,0,0,0,0,0,0,0,0
QNM15 ,1,1,1,1,1,0,0,0,0,0,0,0,0
QNM16 ,1,1,1,1,1,0,0,0,0,0,0,0,0
QNM17 ,1,1,1,1,1,0,0,0,0,0,0,0,0
QNM18 ,4,1.097,1.088,0.866,0.95,0,0,0,0,0,0,0,0
QNM19 ,4,1.143,1.025,0.83,1.002,0,0,0,0,0,0,0,0
QNM20 ,4,1.133,1.039,0.821,1.007,0,0,0,0,0,0,0,0
QNB1  ,1,1,1,1,1,0,0,0,0,0,0,0,0
QNB2  ,1,1,1,1,1,0,0,0,0,0,0,0,0
QNB3  ,1,1,1,1,1,0,0,0,0,0,0,0,0
QNB4  ,1,1,1,1,1,0,0,0,0,0,0,0,0
QNB5  ,4,0.887,1.11,1.018,0.986,0,0,0,0,0,0,0,0
QNB6  ,4,1.027,1.044,0.887,1.041,0,0,0,0,0,0,0,0
QNB7  ,1,1,1,1,1,0,0,0,0,0,0,0,0
QNB8  ,1,1,1,1,1,0,0,0,0,0,0,0,0
QNB10 ,1,1,1,1,1,0,0,0,0,0,0,0,0
QNB11 ,4,0.92,1.012,1.032,1.036,0,0,0,0,0,0,0,0
QNB12 ,1,1,1,1,1,0,0,0,0,0,0,0,0
QNB13 ,4,1.079,0.816,1.296,0.809,0,0,0,0,0,0,0,0
QNB14 ,1,1,1,1,1,0,0,0,0,0,0,0,0
QNB15 ,1,1,1,1,1,0,0,0,0,0,0,0,0
QNB16 ,1,1,1,1,1,0,0,0,0,0,0,0,0
QNB17 ,1,1,1,1,1,0,0,0,0,0,0,0,0
QRI1  ,4,1.043,1.019,0.894,1.045,0,0,0,0,0,0,0,0
QRI2  ,4,1.044,1.019,0.895,1.042,0,0,0,0,0,0,0,0
QRI3  ,4,0.884,1.028,0.959,1.128,0,0,0,0,0,0,0,0
QRI4  ,1,1,1,1,1,0,0,0,0,0,0,0,0
QRI5  ,4,0.908,1.092,0.978,1.022,0,0,0,0,0,0,0,0
QNI1  ,4,1.038,1.068,0.828,1.065,0,0,0,0,0,0,0,0
QNI2  ,4,0.938,1.065,0.972,1.025,0,0,0,0,0,0,0,0
QNI3  ,4,1.069,1.058,0.797,1.076,0,0,0,0,0,0,0,0
QNI4  ,1,1,1,1,1,0,0,0,0,0,0,0,0
QNI5  ,4,0.93,1.023,0.976,1.071,0,0,0,0,0,0,0,0
QNI6  ,4,0.872,0.998,1.027,1.103,0,0,0,0,0,0,0,0
QNI7  ,4,0.895,1.019,0.968,1.118,0,0,0,0,0,0,0,0
QNI8  ,4,0.865,1.007,0.996,1.132,0,0,0,0,0,0,0,0
QNI9  ,4,1.017,1.041,0.966,0.976,0,0,0,0,0,0,0,0
QNI10 ,4,0.962,0.979,0.973,1.086,0,0,0,0,0,0,0,0
QNI11 ,1,1,1,1,1,0,0,0,0,0,0,0,0
QNI12 ,4,1.05,1.03,0.856,1.064,0,0,0,0,0,0,0,0
QNI13 ,1,1,1,1,1,0,0,0,0,0,0,0,0
QNG1  ,1,1,1,1,1,0,0,0,0,0,0,0,0
QNG2  ,1,1,1,1,1,0,0,0,0,0,0,0,0
QNG3  ,1,1,1,1,1,0,0,0,0,0,0,0,0
QNG4  ,1,1,1,1,1,0,0,0,0,0,0,0,0
QNG5  ,1,1,1,1,1,0,0,0,0,0,0,0,0
QNG6  ,1,1,1,1,1,0,0,0,0,0,0,0,0
QNG7  ,1,1,1,1,1,0,0,0,0,0,0,0,0
QNG8  ,1,1,1,1,1,0,0,0,0,0,0,0,0
QNG9  ,1,1,1,1,1,0,0,0,0,0,0,0,0
QNG10 ,1,1,1,1,1,0,0,0,0,0,0,0,0
QNG11 ,1,1,1,1,1,0,0,0,0,0,0,0,0
QNG12 ,1,1,1,1,1,0,0,0,0,0,0,0,0
QNG13 ,1,1,1,1,1,0,0,0,0,0,0,0,0
QNG14 ,1,1,1,1,1,0,0,0,0,0,0,0,0
QNG15 ,1,1,1,1,1,0,0,0,0,0,0,0,0
QNG16 ,1,1,1,1,1,0,0,0,0,0,0,0,0
QNG17 ,1,1,1,1,1,0,0,0,0,0,0,0,0
QNG18 ,1,1,1,1,1,0,0,0,0,0,0,0,0
QNG19 ,1,1,1,1,1,0,0,0,0,0,0,0,0
QNG20 ,1,1,1,1,1,0,0,0,0,0,0,0,0
QNG21 ,1,1,1,1,1,0,0,0,0,0,0,0,0
QNG22 ,1,1,1,1,1,0,0,0,0,0,0,0,0
QNG23 ,1,1,1,1,1,0,0,0,0,0,0,0,0
QNG24 ,1,1,1,1,1,0,0,0,0,0,0,0,0
QNG25 ,4,0.916,1.02,1.082,0.983,0,0,0,0,0,0,0,0
QNG26 ,4,1.004,1.044,0.931,1.021,0,0,0,0,0,0,0,0
QNG27 ,1,1,1,1,1,0,0,0,0,0,0,0,0
QNC1  ,1,1,1,1,1,0,0,0,0,0,0,0,0
QNC2  ,4,1.028,1.048,0.873,1.052,0,0,0,0,0,0,0,0
QNC3  ,1,1,1,1,1,0,0,0,0,0,0,0,0
QNC4  ,1,1,1,1,1,0,0,0,0,0,0,0,0
QNC5  ,1,1,1,1,1,0,0,0,0,0,0,0,0
QNC6  ,1,1,1,1,1,0,0,0,0,0,0,0,0
QNC7  ,1,1,1,1,1,0,0,0,0,0,0,0,0
QNC8  ,4,0.951,1.105,1.021,0.922,0,0,0,0,0,0,0,0
QNC9  ,4,0.952,1.097,0.984,0.968,0,0,0,0,0,0,0,0
QNC10 ,4,0.844,0.953,1.052,1.151,0,0,0,0,0,0,0,0
QNC11 ,1,1,1,1,1,0,0,0,0,0,0,0,0
QNC12 ,4,0.88,1.09,1.007,1.022,0,0,0,0,0,0,0,0
QNC13 ,1,1,1,1,1,0,0,0,0,0,0,0,0
QNC14 ,1,1,1,1,1,0,0,0,0,0,0,0,0
QNC15 ,1,1,1,1,1,0,0,0,0,0,0,0,0
QNC16 ,1,1,1,1,1,0,0,0,0,0,0,0,0
QNC17 ,4,1.023,1.014,0.929,1.034,0,0,0,0,0,0,0,0
QNC18 ,4,1.018,1.015,0.963,1.004,0,0,0,0,0,0,0,0
QNC19 ,4,1.048,0.997,0.942,1.013,0,0,0,0,0,0,0,0
QNC20 ,1,1,1,1,1,0,0,0,0,0,0,0,0
QNC21 ,4,1.003,1.02,0.974,1.002,0,0,0,0,0,0,0,0
QNC22 ,4,0.981,0.944,0.966,1.109,0,0,0,0,0,0,0,0
QNC23 ,1,1,1,1,1,0,0,0,0,0,0,0,0
QNC24 ,4,0.931,0.954,0.968,1.148,0,0,0,0,0,0,0,0
QNC25 ,4,0.978,1.019,0.974,1.029,0,0,0,0,0,0,0,0
QNC26 ,1,1,1,1,1,0,0,0,0,0,0,0,0
QNC27 ,1,1,1,1,1,0,0,0,0,0,0,0,0
QNC28 ,4,1.004,1.013,0.92,1.063,0,0,0,0,0,0,0,0
QNC29 ,4,0.954,1.04,0.985,1.021,0,0,0,0,0,0,0,0
QRG1  ,1,1,1,1,1,0,0,0,0,0,0,0,0
QRG2  ,1,1,1,1,1,0,0,0,0,0,0,0,0
QRG3  ,1,1,1,1,1,0,0,0,0,0,0,0,0
QRG4  ,4,0.996,1.013,0.992,0.999,0,0,0,0,0,0,0,0
QRG5  ,1,1,1,1,1,0,0,0,0,0,0,0,0
QRG6  ,1,1,1,1,1,0,0,0,0,0,0,0,0
QRG7  ,1,1,1,1,1,0,0,0,0,0,0,0,0
QRG8  ,1,1,1,1,1,0,0,0,0,0,0,0,0
QRG9  ,1,1,1,1,1,0,0,0,0,0,0,0,0
QRG10 ,4,0.882,1.025,0.995,1.098,0,0,0,0,0,0,0,0
QRG11 ,4,0.948,1.005,1.029,1.018,0,0,0,0,0,0,0,0
QRG12 ,1,1,1,1,1,0,0,0,0,0,0,0,0
QRG13 ,1,1,1,1,1,0,0,0,0,0,0,0,0
QRG14 ,1,1,1,1,1,0,0,0,0,0,0,0,0
QRG15 ,1,1,1,1,1,0,0,0,0,0,0,0,0
QRG16 ,1,1,1,1,1,0,0,0,0,0,0,0,0
QRG17 ,1,1,1,1,1,0,0,0,0,0,0,0,0
QRG18 ,1,1,1,1,1,0,0,0,0,0,0,0,0
QRC1  ,1,1,1,1,1,0,0,0,0,0,0,0,0
QRC2  ,4,1.024,1.025,0.968,0.983,0,0,0,0,0,0,0,0
QRC3  ,4,0.999,1.021,0.974,1.006,0,0,0,0,0,0,0,0
QRC4  ,1,1,1,1,1,0,0,0,0,0,0,0,0
QRC5  ,1,1,1,1,1,0,0,0,0,0,0,0,0
QRC6  ,1,1,1,1,1,0,0,0,0,0,0,0,0
QRC7  ,4,1.065,1.084,0.79,1.061,0,0,0,0,0,0,0,0
QRC8  ,4,1.031,1.058,0.875,1.036,0,0,0,0,0,0,0,0
QRC9  ,4,0.983,1.01,1,1.006,0,0,0,0,0,0,0,0
QRC10 ,4,0.993,1.017,0.988,1.002,0,0,0,0,0,0,0,0
QRC11 ,4,1.037,1.063,0.936,0.965,0,0,0,0,0,0,0,0
QRC12 ,1,1,1,1,1,0,0,0,0,0,0,0,0
QRC13 ,4,0.999,1.021,0.974,1.006,0,0,0,0,0,0,0,0
QRC14 ,4,0.984,1.006,1.007,1.003,0,0,0,0,0,0,0,0
QRC15 ,4,0.993,1.002,0.996,1.009,0,0,0,0,0,0,0,0
QRC16 ,1,1,1,1,1,0,0,0,0,0,0,0,0
QRC17 ,4,0.991,1,0.998,1.012,0,0,0,0,0,0,0,0
QRC18 ,4,0.993,1.02,0.989,0.998,0,0,0,0,0,0,0,0
QRC19 ,1,1,1,1,1,0,0,0,0,0,0,0,0
QRC20 ,4,0.868,1.15,1.052,0.929,0,0,0,0,0,0,0,0
QRC21 ,4,0.995,1.028,0.938,1.039,0,0,0,0,0,0,0,0
QRC22 ,4,0.958,1.031,0.955,1.056,0,0,0,0,0,0,0,0
QRC23 ,4,0.948,1.005,1.029,1.018,0,0,0,0,0,0,0,0
QRC24 ,1,1,1,1,1,0,0,0,0,0,0,0,0
QRC25 ,1,1,1,1,1,0,0,0,0,0,0,0,0
QRC26 ,1,1,1,1,1,0,0,0,0,0,0,0,0
QRC27 ,1,1,1,1,1,0,0,0,0,0,0,0,0
QRC28 ,1,1,1,1,1,0,0,0,0,0,0,0,0
QRC29 ,4,1.045,1.051,0.835,1.069,0,0,0,0,0,0,0,0
QRC30 ,4,1.07,1.048,0.802,1.08,0,0,0,0,0,0,0,0
QND1  ,1,1,1,1,1,0,0,0,0,0,0,0,0
QND2  ,1,1,1,1,1,0,0,0,0,0,0,0,0
QND3  ,1,1,1,1,1,0,0,0,0,0,0,0,0
QND4  ,1,1,1,1,1,0,0,0,0,0,0,0,0
QND5  ,1,1,1,1,1,0,0,0,0,0,0,0,0
QND6  ,4,0.99,0.996,1.009,1.005,0,0,0,0,0,0,0,0
QND7  ,4,0.992,0.992,1.01,1.006,0,0,0,0,0,0,0,0
QND8  ,1,1,1,1,1,0,0,0,0,0,0,0,0
QND9  ,1,1,1,1,1,0,0,0,0,0,0,0,0
QND10 ,1,1,1,1,1,0,0,0,0,0,0,0,0
QND11 ,1,1,1,1,1,0,0,0,0,0,0,0,0
QND12 ,1,1,1,1,1,0,0,0,0,0,0,0,0
QND13 ,1,1,1,1,1,0,0,0,0,0,0,0,0
QND14 ,1,1,1,1,1,0,0,0,0,0,0,0,0
QND15 ,4,0.988,0.998,1.008,1.005,0,0,0,0,0,0,0,0
QND16 ,4,1.12,1.015,0.949,0.916,0,0,0,0,0,0,0,0
QND17 ,1,1,1,1,1,0,0,0,0,0,0,0,0
QND18 ,4,1.425,0.861,0.709,1.005,0,0,0,0,0,0,0,0
QND19 ,4,0.994,1.001,1.003,1.002,0,0,0,0,0,0,0,0
QND20 ,4,0.997,0.993,1.006,1.004,0,0,0,0,0,0,0,0
QND21 ,4,1.412,0.696,0.758,1.134,0,0,0,0,0,0,0,0
QND22 ,4,0.878,1.064,1.131,0.928,0,0,0,0,0,0,0,0
QND23 ,4,0.991,1.003,1.007,0.998,0,0,0,0,0,0,0,0
QND24 ,4,1.673,0.659,0.417,1.252,0,0,0,0,0,0,0,0
QND25 ,4,0.843,1.372,1.034,0.751,0,0,0,0,0,0,0,0
QND26 ,4,0.982,1.007,0.999,1.012,0,0,0,0,0,0,0,0
QND27 ,1,1,1,1,1,0,0,0,0,0,0,0,0
QND28 ,1,1,1,1,1,0,0,0,0,0,0,0,0
QND29 ,4,1.023,1.02,0.913,1.043,0,0,0,0,0,0,0,0
QND30 ,4,1.286,1.021,0.813,0.88,0,0,0,0,0,0,0,0
QND31 ,4,0.982,1.003,1.016,0.999,0,0,0,0,0,0,0,0
QND32 ,1,1,1,1,1,0,0,0,0,0,0,0,0
QND33 ,4,0.62,1.164,1.471,0.745,0,0,0,0,0,0,0,0
QND34 ,1,1,1,1,1,0,0,0,0,0,0,0,0
QND35 ,4,1.003,1.001,0.997,0.999,0,0,0,0,0,0,0,0
QND36 ,4,1.199,0.957,0.841,1.003,0,0,0,0,0,0,0,0
QND37 ,4,1.078,0.836,0.897,1.188,0,0,0,0,0,0,0,0
QND38 ,4,1.009,1.002,0.99,0.999,0,0,0,0,0,0,0,0
QND39 ,4,1.041,0.924,0.915,1.12,0,0,0,0,0,0,0,0
MRF1  ,1,1,1,1,1,1,1,1,1,1,1,1,1
MRM1  ,1,1,1,1,1,1,1,1,1,1,1,1,1
MRM2  ,12,1.002,0.983,1.092,1.032,0.974,1.026,0.963,0.569,1.003,1.2,1.099,1.057
MRM4  ,12,0.946,1.013,1.076,0.938,0.917,1.094,0.952,0.898,0.96,1.148,1.085,0.972
MRM5  ,12,1.023,1.024,0.97,0.978,0.993,1.06,1.039,0.823,1.113,0.996,0.979,1.001
MRM6  ,12,0.316,0.664,1.623,1.828,1.365,1.625,1.696,1.185,0.804,0.454,0.229,0.211
MRM7  ,12,0.802,0.937,1.452,1.277,1.248,1.179,1.028,0.739,0.914,1.021,0.842,0.561
MRM8  ,1,1,1,1,1,1,1,1,1,1,1,1,1
MRM9  ,12,0.554,0.694,1.272,1.387,1.553,1.543,1.733,0.814,0.673,0.713,0.56,0.503
MRM10 ,12,0.879,0.754,0.852,1.308,1.293,1.046,0.947,0.894,0.872,1.019,1.189,0.945
MRM11 ,12,1.041,1.028,0.9,0.922,0.941,1.013,0.919,0.916,1.068,1.035,1.1,1.117
MRM12 ,12,1.007,1.111,0.786,0.877,1.039,0.918,0.947,1.2,0.953,0.959,1.097,1.107
MRM13 ,12,0.976,1.264,0.833,0.957,1.109,0.916,0.937,1.225,0.912,0.955,0.97,0.946
MRM15 ,12,1.424,1.261,1.178,0.825,0.931,0.997,0.863,0.817,0.88,0.667,0.808,1.349
MRM16 ,1,1,1,1,1,1,1,1,1,1,1,1,1
MRM17 ,1,1,1,1,1,1,1,1,1,1,1,1,1
MRM18 ,12,1.135,1.037,1.044,0.992,1.082,1.005,0.906,0.965,0.867,0.906,0.958,1.103
MRB1  ,1,1,1,1,1,1,1,1,1,1,1,1,1
MRB2  ,12,1.175,1.055,0.982,1.118,1.232,1.025,1.196,0.297,0.992,1.051,0.997,0.879
MRB3  ,12,1.102,0.979,1.075,1.066,1.169,1.055,1.121,0.125,1.014,1.129,1.082,1.085
MRB4  ,12,1.107,1.004,1.108,1.086,1.151,1.051,1.089,0.119,1.012,1.118,1.084,1.071
MRB5  ,12,1.12,1.222,1.233,1.025,0.377,1.461,1.277,0.374,1.049,1.512,0.975,0.376
MRB6  ,12,0.99,1.026,0.976,0.993,1.064,1.045,1.058,0.831,1.045,0.942,1.008,1.021
MRB7  ,1,1,1,1,1,1,1,1,1,1,1,1,1
MRB8  ,12,0.85,0.745,0.665,0.371,0.739,0.923,0.821,0.845,0.88,1.557,1.88,1.723
MRB9  ,12,0.696,0.762,1.609,2.307,1.987,0.909,1.02,0.972,0.446,0.506,0.426,0.36
MRB10 ,1,1,1,1,1,1,1,1,1,1,1,1,1
MRB11 ,12,1.087,1.112,1.051,0.947,0.911,1.05,0.913,0.793,1.036,1.033,1.123,0.944
MRB12 ,12,0.985,1.028,1.054,1.022,1.026,0.967,1.042,0.6,1.107,1.134,1.081,0.954
MRB13 ,12,0.998,1.099,1.181,1.038,1.072,0.993,1.104,0.569,0.783,1.061,1.056,1.047
MRB14 ,12,1.106,1.124,1.073,1.08,0.994,1.063,0.948,0.25,1.031,1.143,1.085,1.103
MRB15 ,12,1.064,1.14,1.073,1.087,0.975,1.054,0.931,0.297,1.016,1.139,1.106,1.118
MRB16 ,12,1.004,1.109,1.121,1.03,1.002,1.082,0.821,0.517,1.007,1.088,1.102,1.117
MRB17 ,12,0.827,0.993,1.07,1.094,0.961,1.028,0.928,0.838,0.898,1.176,0.974,1.214
MRB18 ,12,0.921,0.974,1.037,1.066,1.017,1.045,1.014,0.762,0.934,1.139,1.009,1.083
MRB19 ,12,0.993,0.99,1.155,1.056,0.985,0.912,0.93,0.757,0.957,1.204,1.084,0.976
MRB20 ,12,1.001,0.908,1.126,1.09,1.029,0.891,0.887,0.872,1.031,1.156,1.089,0.92
MRB21 ,12,0.961,0.977,1.078,1.055,0.977,1.174,0.982,0.642,1.038,1.071,1.038,1.007
MRB22 ,12,1.088,0.967,1.037,1.03,1.047,1.093,0.898,0.525,1.113,1.063,1.094,1.045
MRB23 ,1,1,1,1,1,1,1,1,1,1,1,1,1
MRB24 ,1,1,1,1,1,1,1,1,1,1,1,1,1
MRB25 ,12,0.827,0.798,0.978,1.058,1.029,1.081,1.218,1.159,1.009,1.005,0.917,0.924
MRB26 ,12,0.827,0.799,0.978,1.058,1.029,1.081,1.217,1.159,1.008,1.004,0.917,0.923
MRB27 ,12,0.834,0.809,0.965,1.034,1.032,1.06,1.19,1.154,1.038,1.024,0.921,0.94
MRB28 ,12,0.824,0.81,0.957,1.049,1.019,1.074,1.213,1.176,1.05,1.01,0.891,0.927
MRB29 ,1,1,1,1,1,1,1,1,1,1,1,1,1
MRB30 ,1,1,1,1,1,1,1,1,1,1,1,1,1
MRB31 ,1,1,1,1,1,1,1,1,1,1,1,1,1
MRB32 ,1,1,1,1,1,1,1,1,1,1,1,1,1
MNF1  ,12,1.15,1.015,1.24,1.133,1.041,1.079,0.973,0.417,0.803,1.051,0.999,1.1
MNF2  ,12,0.837,0.829,0.978,1.027,1.036,1.048,1.16,1.149,1.034,1.009,0.927,0.966
MNF3  ,12,0.995,0.982,0.992,0.996,0.985,1.008,1.018,1.002,1.002,1,0.994,1.026
MNF4  ,12,0.838,0.812,0.965,1.048,1.053,1.075,1.158,1.167,1.02,0.978,0.929,0.957
MNF5  ,12,1.059,1.047,1.08,1.047,1.005,1.076,0.726,0.719,0.986,1.084,1.027,1.145
MNF6  ,12,1.04,1.021,1.12,1.065,1.115,1.313,1.051,0.282,1.004,1.046,0.972,0.973
MNF7  ,12,1.046,1.034,1.08,1.025,1.024,1.089,0.705,0.697,1.053,1.114,1.032,1.101
MNF8  ,12,1.067,1.071,1.174,1.091,1.088,1.139,0.962,0.4,0.96,1.076,0.961,1.01
MNF9  ,12,1.333,1.251,1.067,1.004,0.897,0.818,0.773,0.801,0.888,0.968,1.051,1.149
MNM1  ,1,1,1,1,1,1,1,1,1,1,1,1,1
MNM5  ,12,0.942,0.882,1.042,1.065,1.071,1.072,0.976,0.768,1.008,1.062,1.007,1.105
MNM6  ,12,1.001,1.031,1.111,1.067,1.047,0.978,1.011,0.492,0.985,1.181,1.079,1.016
MNM7  ,12,1.057,1.022,1.042,1.024,1.04,1.075,0.964,0.715,0.975,1.004,1.055,1.028
MNM8  ,1,1,1,1,1,1,1,1,1,1,1,1,1
MNM9  ,12,1.02,0.953,1.056,1.022,1.039,1.019,0.941,1.02,0.978,1.051,0.973,0.927
MNM10 ,12,1.089,1.081,1.128,1.087,1.031,1,1.01,0.536,0.939,1.016,1.024,1.058
MNM11 ,12,1.076,1.003,1.061,1.015,0.986,0.983,0.959,0.769,0.98,1.073,1.029,1.066
MNM12 ,12,1.039,1.057,1.162,1.024,0.995,1.043,0.931,0.731,0.984,1.059,1.008,0.967
MNM13 ,12,0.915,0.979,1.025,1.042,1.046,1.03,1.038,0.769,0.936,1.136,0.98,1.103
MNM14 ,12,1,1.011,1.083,1.063,0.99,1.055,0.994,0.67,1.013,1.099,1.02,1.003
MNM15 ,12,0.755,0.883,1.255,1.166,1.304,1.102,0.529,0.31,1.008,1.402,1.222,1.063
MNM16 ,12,0.986,0.954,1.071,1.031,1.027,1.039,0.942,0.783,0.999,1.083,1.021,1.063
MNM17 ,12,1.032,1.037,1.098,0.998,1.182,1.12,1.012,0.467,0.916,1.029,1.1,1.009
MNM18 ,12,1.157,0.979,1.114,1.053,1.091,1.038,0.926,0.354,1.046,1.148,1.061,1.034
MNM19 ,12,1.04,1.03,1.149,1.06,1.127,1.102,0.948,0.323,0.943,1.105,1.092,1.082
MNM20 ,12,0.995,0.917,1.001,0.965,1.029,1.02,0.94,1.042,0.977,1.085,1.03,0.998
MNM21 ,12,0.986,1.069,1.144,1.057,1.078,1.077,0.992,0.616,0.986,1.049,0.942,1.006
MNM22 ,12,0.988,1.009,1.102,1.052,1.02,1.027,0.989,0.699,0.997,1.097,1.016,1.004
MNM23 ,12,0.732,0.991,1.275,1.157,1.162,1.21,0.406,0.176,0.935,1.553,1.401,1.001
MNM24 ,12,1.042,1.133,1.102,1.077,1.013,1.101,0.909,0.443,1.052,1.081,1.012,1.036
MNM25 ,12,1.025,1.017,1.142,1.067,1.101,1.317,1.066,0.28,1.001,1.039,0.969,0.974
MNM26 ,12,0.983,1.15,1.06,1.079,1.01,1.144,0.922,0.391,1.06,1.09,1.05,1.06
MNM27 ,12,1.05,1.024,1.157,1.065,1.034,1.164,0.926,0.32,1.047,1.077,1.07,1.068
MNM28 ,12,1.022,0.956,1.058,1.022,1.031,1.008,0.941,1.016,0.971,1.053,0.984,0.938
MNM29 ,12,1.079,1.002,1.057,1.016,0.988,0.985,0.955,0.767,0.981,1.068,1.033,1.069
MNM30 ,12,0.973,1.003,1.062,1.053,0.993,1.148,1.025,0.573,1.058,1.096,1.022,0.993
MNM31 ,12,1.033,0.955,1.046,1.023,0.982,0.96,0.969,0.838,1.014,1.149,1.057,0.975
MNM32 ,12,0.492,0.709,1.222,1.353,1.532,1.152,0.525,0.301,0.912,1.463,1.315,1.025
MNM33 ,12,1.034,1.04,1.14,1.061,1.068,1.104,0.963,0.538,0.958,1.079,0.981,1.034
MNM34 ,12,0.966,1.015,1.124,1.131,1.063,0.886,1.079,0.584,0.944,1.067,1.027,1.114
MNM35 ,12,0.937,1.177,1.04,1.075,1.025,1.141,0.942,0.386,1.042,1.099,1.076,1.058
MNM37 ,12,0.994,1.025,1.096,1.062,1.072,1.054,1.161,0.996,0.909,0.823,0.916,0.892
MNM38 ,12,0.944,0.959,1.044,1.051,1.088,1.111,1.269,1.068,0.933,0.803,0.883,0.847
MNM39 ,12,1.22,1.184,1.157,1.07,1.023,1.103,1.067,0.693,0.637,1.043,0.81,0.994
MNM40 ,1,1,1,1,1,1,1,1,1,1,1,1,1
MNM41 ,12,1.427,1.158,1.088,1.074,1.03,1.06,1.116,0.731,0.687,0.919,0.794,0.916
MNM42 ,12,1.2,1.144,1.162,1.04,1.067,1.132,1.077,0.695,0.686,0.984,0.855,0.96
MNM43 ,12,1.051,1.075,0.971,1.195,0.762,0.991,1.12,0.791,0.641,1.239,1.009,1.155
MNM44 ,1,1,1,1,1,1,1,1,1,1,1,1,1
MNM45 ,1,1,1,1,1,1,1,1,1,1,1,1,1
MNM46 ,1,1,1,1,1,1,1,1,1,1,1,1,1
MNM47 ,1,1,1,1,1,1,1,1,1,1,1,1,1
MNM48 ,12,0.754,0.847,1.326,1.284,1.308,1.251,1.02,0.652,0.947,1.032,0.849,0.731
MNM49 ,12,0.926,0.777,1.212,1.394,1.37,1.051,0.988,0.742,1.016,0.937,0.695,0.892
MNM50 ,12,0.815,0.879,1.198,1.161,1.114,1.103,1.042,0.784,0.974,1.13,0.961,0.84
MNM51 ,12,0.917,0.944,1.2,0.938,0.977,1.209,0.81,0.816,1.162,0.984,1.015,1.027
MNM52 ,12,0.913,0.941,1.195,0.945,0.98,1.206,0.811,0.824,1.156,0.99,1.01,1.029
MNM53 ,12,0.888,0.93,1.264,1.007,0.966,1.167,0.851,0.709,1.139,0.989,1.021,1.068
MNM54 ,12,0.934,0.971,1.2,0.904,0.979,1.212,0.776,0.798,1.159,0.976,1.026,1.064
MNM55 ,12,1.115,0.893,0.804,0.67,0.704,0.758,0.883,1.107,1.299,1.28,1.259,1.229
MNM56 ,1,1,1,1,1,1,1,1,1,1,1,1,1
MNM57 ,12,1.007,0.998,1.122,1.028,0.988,0.99,0.978,0.895,1.011,1.051,0.984,0.947
MNM58 ,12,0.992,1.044,1.07,1.084,1.132,1.155,0.767,0.72,1.011,1.13,1.06,0.835
MNM59 ,12,1.032,0.966,1.009,1.009,1.009,1.005,0.944,0.907,1.04,1.073,0.994,1.011
MNM60 ,12,1.03,0.966,1.017,1.008,1.011,1.011,0.946,0.899,1.031,1.07,0.998,1.014
MNM61 ,12,1.044,0.967,1.024,1.003,1.011,1.011,0.927,0.947,1.037,1.035,0.98,1.014
MNM62 ,1,1,1,1,1,1,1,1,1,1,1,1,1
MNM63 ,12,1.044,0.968,0.99,1.023,1,0.998,0.974,0.893,1.012,1.076,0.983,1.04
MNM64 ,6,0.997,0.961,1.017,1.049,1.008,0.969,1,1,1,1,1,1
MNM65 ,12,1.044,0.989,0.926,1.052,1.049,1.039,0.995,0.955,0.932,0.994,1.044,0.983
MNM66 ,12,1.027,0.97,1.018,1.002,1.014,1.005,0.953,0.913,1.027,1.069,0.997,1.004
MNM67 ,12,1.071,0.996,0.864,1.035,1.082,1.034,0.971,1.014,0.879,1.015,1.009,1.029
MNM68 ,12,1.029,0.936,1.038,1.015,1.021,1.008,0.96,0.904,1.047,1.069,1.003,0.971
MNM69 ,12,1.049,0.933,1.024,1.02,1.002,0.995,0.934,0.922,1.088,1.076,0.991,0.969
MNM70 ,12,1.029,0.936,1.038,1.015,1.021,1.008,0.96,0.904,1.047,1.069,1.003,0.971
MNM71 ,12,0.996,1.006,0.99,0.948,1.027,1.032,1.002,0.977,1.014,0.935,1.06,1.014
MNM72 ,12,1.06,0.913,1.012,0.985,1.042,0.976,0.989,0.897,1.054,1.067,1.007,0.996
MNM73 ,12,1.016,0.943,1.03,1.026,1.043,0.987,0.92,0.867,1.062,1.112,1.026,0.969
MNM74 ,12,1.029,0.927,1.038,1.016,1.02,1.01,0.952,0.893,1.025,1.083,1.013,0.996
MNM75 ,12,0.999,0.926,1.011,1.015,1.033,1.034,0.974,0.877,1.04,1.093,1.012,0.987
MNM76 ,12,1.081,1.002,0.863,1.029,1.088,1.045,0.965,0.973,0.875,1.037,1,1.042
MNM77 ,12,1.061,0.973,0.886,1.052,1.101,1.044,0.996,1.018,0.892,0.982,1.002,0.994
MNB1  ,12,1.019,0.992,1.096,1.114,1.105,1.032,0.923,0.774,0.938,0.978,1.018,1.012
MNB2  ,1,1,1,1,1,1,1,1,1,1,1,1,1
MNB3  ,1,1,1,1,1,1,1,1,1,1,1,1,1
MNB4  ,1,1,1,1,1,1,1,1,1,1,1,1,1
MNB5  ,12,1.072,1.014,1.1,1.041,1.018,1.093,1.057,0.302,1.081,1.139,1.038,1.044
MNB6  ,12,1.068,1.057,1.154,1.081,1.038,1.082,0.866,0.462,0.973,1.148,1.032,1.04
MNB7  ,12,1.047,1.113,1.108,1.059,1.066,1.104,1.055,0.61,0.869,0.977,0.979,1.013
MNB8  ,12,0.991,1.01,1.056,1.051,1.028,1.035,0.977,0.725,1,1.094,1.005,1.03
MNB9  ,12,0.94,1.012,1.008,1.022,1.072,1.123,1.093,0.723,0.887,1.068,1.029,1.022
MNB10 ,12,1.061,1.009,1.107,0.971,0.917,0.995,0.954,0.767,0.979,1.2,1.028,1.012
MNB11 ,12,1.006,1.019,1.095,1.042,1.04,1.02,0.973,0.721,0.999,1.093,0.997,0.994
MNB12 ,12,1.049,1.125,1.179,1.008,1.143,1.197,0.829,0.46,0.828,1.126,1.005,1.05
MNB13 ,12,1.016,0.952,1.055,1.011,1.024,1.006,0.941,1.018,0.976,1.054,0.991,0.955
MNB14 ,12,1.042,1,1.099,1.041,1.012,1.093,1.053,0.386,1.099,1.132,1.022,1.021
MNB15 ,1,1,1,1,1,1,1,1,1,1,1,1,1
MNB16 ,1,1,1,1,1,1,1,1,1,1,1,1,1
MNB17 ,1,1,1,1,1,1,1,1,1,1,1,1,1
MNB18 ,12,1.041,1.018,1.108,1.059,1.09,1.034,0.846,0.753,0.979,1.038,1.05,0.983
MNB19 ,12,0.912,1.019,1.099,1.055,1.008,0.997,1.112,0.794,0.747,1.138,0.886,1.233
MNB20 ,1,1,1,1,1,1,1,1,1,1,1,1,1
MNB21 ,12,0.941,0.896,1.039,1.053,1.082,1.058,0.977,0.755,1.018,1.105,1.018,1.058
MNB22 ,12,0.834,0.817,0.934,1.036,1.042,1.077,1.17,1.191,1.029,0.992,0.932,0.946
MNB23 ,12,0.925,0.918,0.899,0.903,0.972,1.088,1.031,1.072,1.071,1.068,1.033,1.019
MNB24 ,12,0.978,0.959,0.945,0.962,0.984,1.013,1.026,1.005,1.034,1.035,1.022,1.036
MNB25 ,12,1.028,1.004,1.004,1.006,1.041,1.039,0.991,0.996,0.982,0.951,0.994,0.963
MNB26 ,12,0.948,0.926,0.925,0.927,0.962,0.997,1.043,1.115,1.042,1.062,1.054,0.999
MNB27 ,12,1.013,1.068,1.026,0.98,0.988,0.999,0.938,0.972,0.948,1.027,1.046,0.995
MNB28 ,12,0.989,1.04,1.02,1.027,1.015,1.024,0.991,1.004,0.968,0.959,0.99,0.974
MNB29 ,12,1.028,1.003,0.983,0.994,1,0.96,0.993,1.019,1.016,1.002,0.994,1.007
MNB30 ,12,0.984,0.977,0.918,0.965,0.96,0.993,1.031,1.046,1.044,1.034,1.044,1.005
MNB31 ,12,0.999,0.994,1.003,1.029,1.022,0.977,1.015,0.977,0.982,1.02,1,0.982
MNB32 ,12,0.979,1.012,0.955,0.978,0.969,1.01,1.003,1.023,1.034,1.051,1.029,0.956
MNB33 ,12,0.92,0.973,0.914,1.004,0.95,1.073,1.284,1.039,0.995,0.934,0.933,0.981
MNB34 ,1,1,1,1,1,1,1,1,1,1,1,1,1
MNB35 ,1,1,1,1,1,1,1,1,1,1,1,1,1
MNB36 ,1,1,1,1,1,1,1,1,1,1,1,1,1
MNB37 ,12,0.768,0.928,0.765,0.883,0.893,1.145,1.068,1.381,1.289,1.009,0.8,1.072
MNB38 ,1,1,1,1,1,1,1,1,1,1,1,1,1
MNB39 ,12,2.556,2.187,1.229,1.044,0.749,0.732,0.632,0.513,0.527,0.91,0.549,0.373
MNB40 ,1,1,1,1,1,1,1,1,1,1,1,1,1
MNB41 ,1,1,1,1,1,1,1,1,1,1,1,1,1
MNB42 ,12,0.885,0.853,1.037,1.112,1.015,1.136,1.051,1.042,0.926,0.947,0.925,1.069
MNB43 ,1,1,1,1,1,1,1,1,1,1,1,1,1
MNB44 ,12,1.033,0.981,1.055,0.939,0.95,0.876,1.008,0.97,1.184,0.92,0.844,1.24
MNB45 ,12,1.04,1.011,1.036,1.006,1.008,1.037,0.961,0.952,0.992,0.973,0.973,1.012
MNB46 ,1,1,1,1,1,1,1,1,1,1,1,1,1
MNB47 ,12,0.936,1.033,1.058,0.91,1.009,1.145,1.085,0.786,0.888,1.14,0.999,1.01
MNB48 ,12,0.927,0.998,1.052,0.999,1.064,1.079,1.111,0.752,0.965,1.06,1.033,0.96
MNB49 ,1,1,1,1,1,1,1,1,1,1,1,1,1
MNB50 ,12,0.939,0.92,1.096,1.04,1.092,1.07,0.71,0.701,0.999,1.123,1.029,1.281
MNB51 ,12,1.232,0.921,1.002,0.99,0.881,0.95,0.887,0.348,1.434,1.24,1.193,0.922
MNB52 ,12,0.982,1.01,1.072,1.053,1.032,1.019,0.982,0.739,1.005,1.092,0.997,1.02
MNB53 ,1,1,1,1,1,1,1,1,1,1,1,1,1
MNB54 ,12,0.842,1.01,1.047,1.081,0.906,1.042,0.968,0.809,0.953,1.123,1.01,1.209
MNB55 ,12,1.041,0.988,0.991,0.993,0.98,0.954,0.969,0.942,0.976,1.017,1.084,1.064
MNB56 ,12,1.07,1.046,1.1,1.038,1.043,1.044,0.738,0.729,1.004,1.032,1.052,1.104
MNB57 ,12,0.927,1.033,0.998,0.951,1.025,1.044,0.872,1.207,0.868,1.063,0.99,1.021
MNB58 ,12,1.311,1.218,1.193,1.165,1.011,0.924,0.895,0.658,0.789,0.881,0.912,1.042
MNB59 ,12,1.109,1.076,1.077,1.051,0.956,1.083,1.037,0.594,1.005,1.042,0.932,1.038
MNB60 ,12,0.989,1.022,1.145,1.062,1.161,1.112,1.005,0.335,0.835,1.076,1.128,1.131
MNB61 ,12,1.103,1.065,1.114,1.058,1.087,1.09,0.895,0.305,1.055,1.147,1.066,1.016
MNB62 ,12,1.024,1.031,1.131,1.055,1.058,1.093,0.954,0.533,0.968,1.084,1.044,1.024
MNB63 ,12,1.078,0.998,1.226,1.123,1.005,1.247,1.045,0.781,0.993,1.071,0.702,0.731
MNB64 ,12,1.002,1.172,1.206,1.159,0.929,1.072,0.821,0.408,0.957,1.198,0.96,1.117
MNB65 ,12,0.991,0.994,0.995,0.994,0.997,1.003,1.015,1.013,1.002,1,1.002,0.994
MNB66 ,12,1.153,1.103,1.303,1.188,1.014,1.163,0.644,0.547,1.032,1.044,1.033,0.776
MNB67 ,1,1,1,1,1,1,1,1,1,1,1,1,1
MNB68 ,1,1,1,1,1,1,1,1,1,1,1,1,1
MNB69 ,12,0.916,0.985,1.059,1.062,1.041,1.01,1.025,0.764,0.951,1.1,0.994,1.095
MNB70 ,12,0.961,1.231,1.043,1.134,1.048,1.139,0.87,0.458,0.926,1.03,1.04,1.119
MNB71 ,1,1,1,1,1,1,1,1,1,1,1,1,1
MNB72 ,12,0.891,0.79,0.925,1.123,1.231,1.182,1.342,1.25,0.957,0.818,0.717,0.774
MRI1  ,12,1.1,1.051,1.148,1.094,1.007,1.115,0.993,0.168,1.077,1.119,1.038,1.09
MRI2  ,12,0.932,0.989,1.057,1.092,1.083,1.054,1.033,0.976,0.962,0.954,0.941,0.928
MRI3  ,12,1.096,1.006,1.102,0.982,1.001,1.027,0.914,0.712,1.071,1.086,1.027,0.978
MRI4  ,12,0.724,0.677,0.796,0.862,0.94,0.892,0.738,0.363,0.928,1.207,1.738,2.136
MRI5  ,12,0.94,0.968,1.057,1.047,1.021,1.088,0.776,0.811,1.072,1.07,1.01,1.142
MRI6  ,12,0.938,0.963,1.22,0.981,0.958,1.168,0.796,0.743,1.147,0.966,1.044,1.075
MRI7  ,12,0.973,0.965,1.198,0.914,0.973,1.197,0.741,0.801,1.168,0.993,0.993,1.085
MRI8  ,12,0.965,0.969,1.193,0.94,0.974,1.188,0.764,0.814,1.155,0.985,0.985,1.065
MRI9  ,12,0.977,0.994,1.102,1.011,1.003,1.009,0.972,0.872,0.983,1.016,1.019,1.041
MRI10 ,12,0.933,0.965,1.086,1.027,1.019,0.991,0.974,0.905,1.025,1.08,1.025,0.971
MRI11 ,12,1.044,0.959,1.037,1.025,1.009,1.013,0.887,0.996,0.992,1.017,0.992,1.031
MRI12 ,12,0.956,1.042,1.024,1.158,1.006,0.767,1.175,0.988,1.097,0.92,0.989,0.879
MRI13 ,12,0.995,1.017,0.981,1.015,1.013,0.997,1.008,0.964,1.042,0.977,0.972,1.019
MRI14 ,12,0.482,0.954,1.056,1.101,1.123,0.954,1.044,1.021,1.099,1.064,1.045,1.057
MRI15 ,1,1,1,1,1,1,1,1,1,1,1,1,1
MRI16 ,1,1,1,1,1,1,1,1,1,1,1,1,1
MNI1  ,1,1,1,1,1,1,1,1,1,1,1,1,1
MNI2  ,12,0.989,1.039,1.013,1.086,1.08,1.09,0.908,0.5,1.046,1.065,1.11,1.073
MNI3  ,12,1.055,1.052,1.054,1.055,1.091,1.053,0.902,0.549,1.009,1.039,1.079,1.062
MNI4  ,12,0.991,1.091,1.04,1.011,1.035,1.07,0.81,0.69,0.985,1.038,1.141,1.099
MNI5  ,12,0.989,1.023,1.003,1.062,1.102,1.075,0.95,0.577,0.96,1.015,1.109,1.134
MNI6  ,12,1.055,0.966,1.036,0.989,1.02,0.975,0.983,0.959,0.962,1.016,0.996,1.043
MNI7  ,12,1.1,0.97,1.02,0.989,0.972,0.984,0.945,0.823,0.968,1.049,1.064,1.116
MNI8  ,12,1.05,0.988,1.011,0.921,0.96,0.91,1.019,1.018,0.989,1.024,1.01,1.099
MNI9  ,1,1,1,1,1,1,1,1,1,1,1,1,1
MNI10 ,12,0.968,0.995,0.992,1.033,1.047,1.024,0.923,1.042,1.006,1.035,1.011,0.925
MNI11 ,12,0.973,1.01,1.013,1.046,1.006,1.021,0.905,1.023,1.024,1.08,0.991,0.908
MNI12 ,12,1.039,0.935,1.007,0.955,0.981,0.993,1.028,1.065,0.995,0.992,0.972,1.036
MNI13 ,12,0.843,0.816,0.969,1.038,1.028,1.054,1.187,1.153,1.036,1.021,0.905,0.949
MNI14 ,12,1.145,1.036,1.098,1,0.959,0.926,0.898,0.757,0.941,1.044,1.059,1.14
MNI15 ,12,1.048,0.977,1.049,1.012,1.015,1.025,0.957,0.795,1.012,1.063,1.03,1.018
MNI16 ,12,0.839,0.872,1.065,1.097,1.1,1.116,1.109,0.901,1.06,1.094,0.913,0.833
MNI17 ,12,1.08,1.027,1.116,1.059,1.051,1.067,1.057,0.362,1.062,1.095,1.021,1.002
MNI18 ,12,1.147,0.964,1.106,1.05,1.073,1.043,0.923,0.386,1.12,1.14,1.044,1.003
MNI19 ,12,1.031,1.046,1.154,1.071,1.029,1.078,1.044,0.449,1.003,1.077,1.032,0.988
MNI20 ,12,0.475,0.804,1.183,1.54,1.622,1.148,0.399,0.24,0.743,1.521,1.441,0.884
MNI21 ,12,1.005,0.988,1.069,1.016,0.985,1.071,0.996,0.49,1.062,1.166,1.103,1.049
MNI22 ,12,1.005,1.01,1.007,1.046,0.974,0.997,1.048,0.558,1.044,1.158,1.005,1.149
MNI23 ,12,0.996,1.037,1.033,1.05,1.004,1.04,0.971,0.56,1.046,1.145,1.006,1.113
MNI24 ,12,0.931,0.92,1.057,1.041,1.018,1.043,1.032,0.842,1.016,1.094,1.005,1.001
MNI25 ,12,1.019,1.001,1.011,0.974,1.016,1.017,0.988,0.99,0.997,1.01,1.034,0.943
MNI26 ,12,1.049,1,1.02,1.044,1.052,1.058,0.979,0.787,0.969,0.962,1.046,1.035
MNI27 ,12,1.021,1.021,1.083,1.055,1.003,0.996,0.847,0.827,1.105,1.01,1.028,1.004
MNI28 ,12,0.992,1.004,1.031,1.034,1.044,1.048,0.775,0.93,1.052,1.014,1.088,0.989
MNI29 ,12,1.023,0.931,0.965,1.01,1.039,1.076,0.979,1.027,1.033,1.059,0.9,0.959
MNI30 ,12,0.814,0.956,1.013,0.954,1.013,1.026,1.053,1.117,1.08,1.036,1.031,0.907
MNI31 ,12,0.939,1.044,1.052,0.95,1.108,1.122,0.946,1.176,0.703,0.877,1.094,0.989
MNI32 ,12,1.153,0.874,0.824,0.508,0.378,0.241,0.276,0.863,1.645,1.715,2.238,1.284
MNI33 ,1,1,1,1,1,1,1,1,1,1,1,1,1
MNI34 ,1,1,1,1,1,1,1,1,1,1,1,1,1
MNI35 ,1,1,1,1,1,1,1,1,1,1,1,1,1
MNI36 ,1,1,1,1,1,1,1,1,1,1,1,1,1
MNI37 ,12,1.1,1.053,1.146,1.242,1.129,0.652,0.763,1.056,0.894,0.858,1.005,1.103
MNI38 ,12,1.286,1.198,0.78,0.662,0.952,1.158,0.903,0.863,0.895,1.09,1.082,1.132
MNI39 ,12,1.055,0.926,0.946,1.033,1,1.013,0.977,0.907,1.051,1.104,1.005,0.984
MNI40 ,12,1.111,0.922,0.978,1.191,1.177,0.819,0.656,1.02,1.036,0.832,1.172,1.086
MNI41 ,12,0.876,0.822,0.932,1.103,1.08,1.007,1.018,1,1.186,1.055,1.008,0.914
MNI42 ,12,0.919,0.935,0.984,1.055,1.101,0.931,1.049,0.984,1.031,1.023,1.002,0.987
MNI43 ,12,1.006,0.979,1.014,1.054,1.062,1.018,1.02,0.993,1.044,0.922,0.956,0.932
MNI44 ,12,0.981,0.882,0.995,1.036,1.03,1.062,0.984,1.027,1.089,0.988,0.936,0.988
MNI45 ,12,0.988,0.957,0.911,1.004,1.031,1.118,1.077,0.916,1.027,0.979,1.01,0.983
MNI46 ,12,1.067,1.034,0.974,0.984,1.015,0.951,0.969,0.874,1.017,1.023,1.038,1.054
MNI47 ,1,1,1,1,1,1,1,1,1,1,1,1,1
MNI48 ,1,1,1,1,1,1,1,1,1,1,1,1,1
MNI49 ,12,0.535,0.824,1.02,1.132,1.125,0.914,1.084,1.033,1.168,0.984,1.098,1.084
MNI50 ,12,0.901,1.022,1.078,1.116,1.02,1.021,0.859,0.874,0.92,1.038,1.094,1.057
MNI51 ,1,1,1,1,1,1,1,1,1,1,1,1,1
MNI52 ,12,1.096,1.161,1.039,1.06,1.085,0.88,0.721,0.914,1.007,0.947,1.023,1.068
MNI53 ,1,1,1,1,1,1,1,1,1,1,1,1,1
MNI54 ,12,1.063,0.999,1.023,1.028,0.976,1.019,0.954,0.992,1.048,1.011,0.855,1.033
MNI55 ,12,0.987,0.913,0.892,0.981,0.968,1.019,1.085,1.023,1.072,1.042,1.084,0.935
MNI56 ,12,0.531,0.81,1.077,1.14,1.234,0.934,1.052,1.062,1.173,0.931,0.972,1.083
MNI57 ,1,1,1,1,1,1,1,1,1,1,1,1,1
MNI58 ,12,1.101,1.198,1.14,1.069,1.039,0.758,0.396,0.965,1.15,0.926,1.152,1.107
MNI59 ,12,0.872,0.883,0.993,1.094,1.106,0.85,0.992,1.008,1.115,0.985,1.03,1.07
MNI60 ,12,0.617,1.032,1.053,1.079,1.082,0.91,1.037,0.991,1.088,1.024,1.028,1.059
MNI61 ,12,1.018,0.971,0.994,1.068,1.001,0.898,1.032,0.958,1.085,0.94,1.032,1.002
MNI62 ,12,1.052,1.046,1.032,0.988,0.996,1.065,1.034,0.94,0.992,0.933,0.958,0.962
MNI63 ,6,1.082,0.961,0.969,0.933,1.018,1.037,1,1,1,1,1,1
MNI64 ,12,1.171,1.114,1.077,1.126,1.023,0.774,0.534,0.974,1.073,0.944,1.147,1.043
MNI65 ,12,0.787,0.874,1.175,1.133,1.094,0.777,0.942,1.008,1.09,1.009,1.016,1.096
MNI66 ,12,1.003,0.999,0.996,1.051,1,0.86,1.031,0.978,1.065,0.994,1.023,1.002
MNI67 ,12,0.512,1.042,1.036,1.057,1.036,0.946,1.027,0.981,1.132,1.048,1.095,1.088
MNI68 ,12,0.955,1.001,0.995,1.077,0.996,0.946,1.032,0.964,1.054,0.985,1.023,0.972
MNI69 ,12,0.758,0.959,1.028,1.059,0.975,1,0.962,1.042,1.109,1.069,1.011,1.028
MNI70 ,12,1.022,1.051,1.019,1.039,1.016,0.76,0.953,0.964,1.065,1.045,1.057,1.009
MNI71 ,12,1.003,1.012,0.902,0.985,0.971,0.965,1.012,0.94,1.064,1.019,1.071,1.057
MNI72 ,12,0.979,1.095,1.055,1.093,1.084,0.963,1.071,1.001,1.07,0.833,0.994,0.763
MNI73 ,12,0.944,0.682,1.087,1.117,1.095,0.934,1.002,1.005,0.995,0.997,1.089,1.054
MNI74 ,1,1,1,1,1,1,1,1,1,1,1,1,1
MNI75 ,12,1.012,0.986,0.961,1.024,1.003,1.009,0.964,0.925,1.082,1.014,0.999,1.023
MNI76 ,1,1,1,1,1,1,1,1,1,1,1,1,1
MNI77 ,12,0.969,0.981,1.019,0.987,1.007,1.045,1.067,0.954,1.103,0.849,1.044,0.975
MNI78 ,12,0.978,0.998,0.927,0.967,1.066,1.086,1.084,0.982,1.058,0.976,0.988,0.89
MNI79 ,1,1,1,1,1,1,1,1,1,1,1,1,1
MNI80 ,12,1.036,1.083,0.988,1,1.032,1.041,1.039,0.945,0.948,0.882,1.001,1.005
MNI81 ,12,0.999,0.969,0.977,1,1.02,1.064,1.055,0.966,1.018,0.955,1.001,0.977
MNI82 ,1,1,1,1,1,1,1,1,1,1,1,1,1
MNI83 ,1,1,1,1,1,1,1,1,1,1,1,1,1
MNI84 ,12,1.064,1.025,1.038,1.083,1.072,0.955,0.707,0.923,1.05,0.992,1.079,1.014
MNI85 ,12,1.235,1.19,1.203,1.119,0.895,0.585,0.441,0.609,1.042,1.236,1.297,1.148
MNI86 ,1,1,1,1,1,1,1,1,1,1,1,1,1
MNI87 ,12,1.27,1.26,1.207,1.254,1.028,0.755,0.593,0.613,0.75,0.857,1.151,1.261
MNI88 ,1,1,1,1,1,1,1,1,1,1,1,1,1
MNI89 ,12,1.054,1.091,1.043,0.989,0.989,0.951,0.884,0.89,0.977,0.995,1.071,1.065
MNI90 ,1,1,1,1,1,1,1,1,1,1,1,1,1
MNI91 ,12,1.02,1.053,1.015,1.051,1.048,1.044,1.03,0.927,1.034,0.931,0.997,0.851
MNI92 ,12,1.033,1,1.019,1.065,1.01,0.885,0.95,0.987,1.071,0.988,0.99,1.001
MNI93 ,1,1,1,1,1,1,1,1,1,1,1,1,1
MNI94 ,12,0.967,0.99,0.973,1.008,0.993,0.994,1.041,0.967,1.055,1.015,1.026,0.971
MNI95 ,12,0.622,0.872,1.007,1.115,1.069,1.029,1.098,1.032,1.094,1.061,1.104,0.897
MNI96 ,12,1.025,1.053,1.002,1.029,1.003,1.058,1.072,1.009,1.085,0.927,0.874,0.862
MNI97 ,12,1.038,0.832,1.048,1.069,0.978,0.974,1.025,0.949,1.027,0.987,1.05,1.025
MNI98 ,12,1.005,0.95,1.051,1.054,0.972,0.931,0.982,0.961,1.054,1.019,1.016,1.005
MNI99 ,12,0.99,1.016,0.949,1.041,1.012,0.991,0.996,0.963,1.046,0.999,1.005,0.991
MNI100,12,1.035,1.041,1.008,1.025,0.98,1.012,0.996,0.91,0.994,0.981,1.023,0.996
MNI101,12,1.021,1.022,0.982,1.016,0.985,1.013,1.021,0.931,1.017,0.987,1.02,0.985
MNI102,12,1.037,1.019,1.004,1.021,1.023,1.046,1.009,0.897,0.983,0.949,1.025,0.988
MNI103,12,1.004,1.01,0.978,1.012,0.994,1.024,1.001,0.937,1.03,0.995,1.018,0.996
MNI104,1,1,1,1,1,1,1,1,1,1,1,1,1
MNI105,1,1,1,1,1,1,1,1,1,1,1,1,1
MNI106,1,1,1,1,1,1,1,1,1,1,1,1,1
MNI107,12,0.978,0.935,0.99,1.073,1.05,1.003,0.974,0.957,1.017,0.989,1.042,0.991
MNI108,1,1,1,1,1,1,1,1,1,1,1,1,1
MNI109,12,1.023,1.025,0.981,1.009,0.924,1.067,1.024,0.921,1.054,0.95,1.017,1.004
MNI110,1,1,1,1,1,1,1,1,1,1,1,1,1
MNI111,12,0.988,0.895,0.758,0.775,0.925,1,0.988,1.028,1.131,1.194,1.193,1.124
MNI112,12,0.737,0.416,0.878,1.001,1.055,1.164,1.133,1.04,1.18,1.192,1.132,1.07
MNI114,12,0.916,0.861,1.047,0.977,0.983,1.077,1.056,0.986,1.052,0.995,1.003,1.048
MNI115,1,1,1,1,1,1,1,1,1,1,1,1,1
MNI116,12,0.801,0.892,1.397,1.054,0.936,1.228,0.886,0.945,1.042,0.87,0.927,1.022
MNI117,1,1,1,1,1,1,1,1,1,1,1,1,1
MNI118,1,1,1,1,1,1,1,1,1,1,1,1,1
MNI119,1,1,1,1,1,1,1,1,1,1,1,1,1
MNI120,1,1,1,1,1,1,1,1,1,1,1,1,1
MNI121,1,1,1,1,1,1,1,1,1,1,1,1,1
MNI122,1,1,1,1,1,1,1,1,1,1,1,1,1
MNI123,1,1,1,1,1,1,1,1,1,1,1,1,1
MNI124,1,1,1,1,1,1,1,1,1,1,1,1,1
MNI125,1,1,1,1,1,1,1,1,1,1,1,1,1
MNI126,1,1,1,1,1,1,1,1,1,1,1,1,1
MNI127,1,1,1,1,1,1,1,1,1,1,1,1,1
MNI128,1,1,1,1,1,1,1,1,1,1,1,1,1
MNI129,12,1.068,1.11,1.132,1.145,1.016,0.845,0.382,0.996,1.098,0.976,1.156,1.075
MNI130,12,1.007,1.015,0.923,1.114,0.971,0.923,0.862,0.988,1.088,1.026,1.075,1.009
MNI131,12,0.627,0.661,0.968,1.172,1.153,0.825,1.033,1.006,1.127,1.124,1.16,1.147
MNI132,12,1.051,1.107,0.995,1.114,0.962,0.894,0.848,0.967,1.048,0.968,1.069,0.977
MNI133,12,0.752,0.624,0.938,1.065,1.095,0.842,1.064,1.033,1.153,1.107,1.164,1.164
MNI134,12,0.477,0.912,1.057,1.041,1.17,1.184,0.859,1.05,1.137,0.994,1.04,1.08
MNI135,12,1.146,1.118,1.018,1.007,0.946,0.935,0.901,0.877,0.967,0.937,1.059,1.087
MNI136,12,1.098,1.046,0.962,0.98,0.965,0.982,1.014,0.912,0.978,0.976,1.024,1.064
MNI137,12,0.833,0.904,0.986,1.081,1.072,1.09,1.085,1.012,1.061,0.984,0.962,0.929
MNI138,12,0.953,0.945,0.936,0.992,1.02,1.144,1.105,1.015,1.072,0.965,0.948,0.905
MNI139,12,0.901,0.919,0.901,0.995,1.032,1.094,1.146,1.043,1.094,0.984,0.975,0.916
MNI140,12,0.852,0.919,0.943,1.039,1.093,1.113,1.136,1.038,1.067,0.967,0.938,0.893
MNI141,12,0.974,0.985,1.115,1.176,1.095,1.167,1.041,1.061,0.944,0.873,0.852,0.717
MNI142,12,0.773,0.936,0.986,1.084,1.113,1.121,1.167,1.082,1.116,0.942,0.919,0.76
MNI143,12,0.957,0.968,1.009,1.12,1.076,1.057,0.997,0.826,1.14,1.188,0.757,0.905
MNI144,12,1.009,1.002,1.052,1.264,1.291,1.232,1.062,0.775,0.834,0.829,0.731,0.919
MNI145,12,0.881,1.092,1.293,1.342,1.311,1.181,0.965,0.792,0.804,0.813,0.676,0.849
MNI146,12,1.003,1.027,1.082,1.215,1.241,1.22,1.044,0.752,0.844,0.861,0.737,0.973
MNI147,12,1.013,0.988,0.912,0.996,1.123,0.914,1.063,1.036,1.001,0.999,0.952,1.003
MNI148,12,0.957,0.988,0.974,0.984,0.952,0.977,0.976,1.077,0.994,0.93,1.026,1.165
MNI149,12,1.014,0.99,0.929,0.943,0.866,0.932,1.059,1.058,1.166,0.946,0.996,1.1
MNI150,12,0.976,1.004,0.972,0.87,0.92,1.015,1.1,1.101,1.066,0.906,0.985,1.084
MNI151,12,1.067,1.042,1.008,0.994,0.922,0.984,1.04,1.023,1.054,0.876,0.909,1.082
MNI152,12,1.057,1.028,0.961,1.092,1.07,1.019,1.007,1.082,0.995,0.852,0.791,1.045
MNI153,12,0.847,0.921,1.126,0.923,1.046,1.256,0.872,0.817,1.256,0.975,0.901,1.061
MNI154,12,1.031,1.193,1.158,1.145,1.162,1.336,1.143,0.806,0.747,0.712,0.692,0.877
MNI155,12,0.96,0.928,1.111,1.378,1.331,1.252,0.968,0.747,0.864,0.846,0.7,0.914
MNI156,12,0.899,0.893,1.009,1.214,1.124,1.016,1.021,0.935,0.98,0.998,0.971,0.94
MNI157,12,0.918,1.011,1.068,1.29,1.335,1.088,0.842,0.66,0.883,0.965,0.843,1.097
MNI158,12,0.846,0.899,1.1,0.912,0.935,1.208,0.985,0.991,1.314,0.721,0.874,1.215
MNI159,12,1.025,1.046,1.03,0.958,0.863,0.941,1.016,1.043,1.249,0.827,0.939,1.062
MNI160,12,1.023,1.019,0.984,0.95,0.926,0.989,1.054,1.039,1.058,0.913,0.956,1.089
MNI161,12,0.953,0.982,0.948,1.007,1.032,0.984,1.086,1.065,1.123,0.913,0.881,1.027
MNI162,1,1,1,1,1,1,1,1,1,1,1,1,1
MNI163,12,1.001,1.01,1.012,1.018,1.025,1.028,0.953,0.943,1.009,1.028,1.012,0.963
MNI164,12,1.015,0.961,1.067,1.005,1.008,0.996,0.94,1.017,0.984,1.045,0.99,0.973
MNI165,12,1.014,0.949,1.056,1.011,1.025,1.005,0.945,1.018,0.977,1.058,0.99,0.953
MNI166,12,0.812,0.911,0.915,0.923,1.04,0.991,0.975,1.085,1.19,1.186,1.053,0.919
MNI167,12,0.873,0.828,1.01,1.124,1.108,1.069,1.095,0.987,0.8,1.013,0.967,1.124
MNI168,12,0.929,1.037,1.06,1.048,1.054,0.983,1.167,0.941,0.974,0.956,0.972,0.88
MRG1  ,12,1.036,1.057,1.054,1.051,1.031,1.041,0.918,0.598,1.021,1.059,1.071,1.062
MRG2  ,1,1,1,1,1,1,1,1,1,1,1,1,1
MRG3  ,1,1,1,1,1,1,1,1,1,1,1,1,1
MRG4  ,1,1,1,1,1,1,1,1,1,1,1,1,1
MRG5  ,1,1,1,1,1,1,1,1,1,1,1,1,1
MRG6  ,1,1,1,1,1,1,1,1,1,1,1,1,1
MRG7  ,1,1,1,1,1,1,1,1,1,1,1,1,1
MRG8  ,1,1,1,1,1,1,1,1,1,1,1,1,1
MRG9  ,1,1,1,1,1,1,1,1,1,1,1,1,1
MRG10 ,12,0.974,0.992,0.997,1.016,1.014,1.012,0.901,0.924,0.995,1.067,1.071,1.036
MRG11 ,1,1,1,1,1,1,1,1,1,1,1,1,1
MRG12 ,1,1,1,1,1,1,1,1,1,1,1,1,1
MRG13 ,12,1.033,1.009,1.035,1.013,1.031,1.001,0.958,0.865,0.971,1.001,1.026,1.057
MRG14 ,12,0.976,0.985,0.998,1.026,1.044,1.03,0.999,0.955,1.001,1,1.01,0.978
MRG15 ,12,1.011,1.036,1.037,1.067,1.056,0.99,0.723,0.954,1.023,1.042,1.053,1.01
MRG16 ,12,0.94,0.971,0.99,1.03,1.024,1.029,0.942,0.91,1.018,1.039,1.084,1.024
MRG17 ,12,0.987,1.012,1.033,1.035,1.045,1.037,0.998,0.762,1.015,1.01,1.048,1.017
MRG18 ,1,1,1,1,1,1,1,1,1,1,1,1,1
MRG19 ,12,0.995,0.879,0.983,0.987,1.015,0.977,1.077,0.957,0.963,1.016,1.035,1.115
MRG20 ,12,0.995,1.062,1.041,0.961,0.965,1.049,0.652,0.997,1.083,1.098,1.116,0.98
MRG21 ,12,0.968,1.065,1.053,0.96,0.978,1.079,0.83,0.99,1.055,1.045,1.041,0.936
MRG22 ,12,1.033,1.09,1.049,0.954,0.946,1.064,0.52,1.018,1.104,1.109,1.137,0.976
MRG23 ,12,1.091,0.936,1.04,0.992,1.051,0.986,0.999,0.974,0.95,1.012,0.999,0.971
MRG24 ,12,0.978,0.994,1.07,1.012,1.067,1.004,0.998,0.936,0.884,1.016,1.028,1.012
MRG25 ,12,0.936,0.988,0.984,0.99,0.968,0.97,1.042,0.99,0.961,1.029,1.025,1.117
MRG26 ,12,0.464,0.576,0.78,0.965,0.875,1.191,0.994,1.035,0.988,1.047,0.977,2.108
MRC1  ,1,1,1,1,1,1,1,1,1,1,1,1,1
MRC2  ,12,1.023,1.023,1.003,1.053,1.07,1.046,0.872,0.757,1.042,1.047,1.065,0.999
MRC3  ,12,1.027,1.052,1.059,1.054,1.036,1.053,0.93,0.568,1.03,1.064,1.065,1.061
MRC4  ,12,1.052,1.074,1.06,1.056,1.059,1.042,0.9,0.563,1.035,1.063,1.073,1.024
MRC5  ,12,1.055,1.076,1.062,1.05,1.053,1.039,0.888,0.58,1.039,1.066,1.071,1.022
MRC6  ,12,0.995,1.023,1.058,1.06,1.034,1.094,0.949,0.428,1.022,1.074,1.082,1.182
MRC7  ,12,0.917,0.812,0.896,0.946,0.972,1.053,0.974,1.115,1.13,1.139,0.959,1.087
MRC8  ,1,1,1,1,1,1,1,1,1,1,1,1,1
MRC9  ,1,1,1,1,1,1,1,1,1,1,1,1,1
MRC10 ,1,1,1,1,1,1,1,1,1,1,1,1,1
MRC11 ,1,1,1,1,1,1,1,1,1,1,1,1,1
MRC12 ,1,1,1,1,1,1,1,1,1,1,1,1,1
MRC13 ,1,1,1,1,1,1,1,1,1,1,1,1,1
MRC14 ,1,1,1,1,1,1,1,1,1,1,1,1,1
MRC15 ,12,1.041,1.003,0.987,1.055,1.055,1.018,1.022,0.983,0.961,0.941,0.943,0.991
MRC16 ,1,1,1,1,1,1,1,1,1,1,1,1,1
MRC17 ,1,1,1,1,1,1,1,1,1,1,1,1,1
MRC18 ,1,1,1,1,1,1,1,1,1,1,1,1,1
MRC19 ,1,1,1,1,1,1,1,1,1,1,1,1,1
MRC20 ,1,1,1,1,1,1,1,1,1,1,1,1,1
MRC21 ,1,1,1,1,1,1,1,1,1,1,1,1,1
MRC22 ,1,1,1,1,1,1,1,1,1,1,1,1,1
MRC23 ,1,1,1,1,1,1,1,1,1,1,1,1,1
MRC24 ,1,1,1,1,1,1,1,1,1,1,1,1,1
MRC25 ,1,1,1,1,1,1,1,1,1,1,1,1,1
MRC26 ,12,0.743,1.046,1.052,1.003,1.015,0.995,1.008,1.017,1.059,1.057,1.074,0.931
MRC27 ,1,1,1,1,1,1,1,1,1,1,1,1,1
MRC28 ,1,1,1,1,1,1,1,1,1,1,1,1,1
MRC29 ,12,0.939,1.004,1.005,0.997,0.98,0.999,0.998,1.013,1.044,1.039,1.001,0.981
MRC30 ,12,0.946,1.192,1.222,1.015,0.883,0.848,0.875,0.905,0.977,1.033,1.085,1.017
MRC31 ,1,1,1,1,1,1,1,1,1,1,1,1,1
MRC32 ,1,1,1,1,1,1,1,1,1,1,1,1,1
MRC33 ,1,1,1,1,1,1,1,1,1,1,1,1,1
MRC34 ,1,1,1,1,1,1,1,1,1,1,1,1,1
MRC35 ,1,1,1,1,1,1,1,1,1,1,1,1,1
MRC36 ,1,1,1,1,1,1,1,1,1,1,1,1,1
MRC37 ,1,1,1,1,1,1,1,1,1,1,1,1,1
MRC38 ,1,1,1,1,1,1,1,1,1,1,1,1,1
MRC39 ,12,1.02,0.978,1.137,0.921,1.107,1.012,1.077,1.079,0.913,0.891,0.905,0.962
MRC40 ,1,1,1,1,1,1,1,1,1,1,1,1,1
MRC41 ,1,1,1,1,1,1,1,1,1,1,1,1,1
MRC42 ,1,1,1,1,1,1,1,1,1,1,1,1,1
MRC43 ,1,1,1,1,1,1,1,1,1,1,1,1,1
MRC44 ,12,0.87,0.882,1.015,1.035,1.068,1.022,1.037,1.058,1.037,1.055,0.969,0.95
MNG1  ,12,1.001,0.98,0.857,0.812,1.127,0.936,0.943,1.05,0.798,0.949,1.108,1.437
MNG2  ,12,0.303,1.211,1.169,1.043,1.338,1.13,1.2,1.009,0.868,0.942,0.818,0.97
MNG3  ,1,1,1,1,1,1,1,1,1,1,1,1,1
MNG4  ,1,1,1,1,1,1,1,1,1,1,1,1,1
MNG5  ,1,1,1,1,1,1,1,1,1,1,1,1,1
MNG6  ,1,1,1,1,1,1,1,1,1,1,1,1,1
MNG7  ,12,1.045,1.061,1.066,1.049,1.042,1.045,1.038,0.902,0.641,1,1.052,1.06
MNG8  ,1,1,1,1,1,1,1,1,1,1,1,1,1
MNG9  ,1,1,1,1,1,1,1,1,1,1,1,1,1
MNG10 ,12,1.51,0.942,0.817,0.94,0.91,1.005,0.951,0.922,0.846,1.041,1.089,1.027
MNG11 ,12,1.009,0.988,1.109,1.074,1.019,1.023,0.967,0.772,0.933,1.016,1.012,1.079
MNG12 ,12,0.951,0.993,1.086,1.053,0.985,1.041,1.032,0.782,0.919,1.075,1.016,1.067
MNG13 ,12,0.884,0.908,1.001,1.086,1.093,1.079,1.05,0.788,1.07,1.079,1.037,0.926
MNG14 ,12,1.012,1.029,1.052,0.983,1.071,1.03,1.021,1.028,0.928,0.739,1.03,1.076
MNG15 ,1,1,1,1,1,1,1,1,1,1,1,1,1
MNG16 ,1,1,1,1,1,1,1,1,1,1,1,1,1
MNG17 ,12,1.072,1.014,1.022,1.054,1.016,0.992,0.983,0.83,0.881,0.972,1.057,1.108
MNG18 ,1,1,1,1,1,1,1,1,1,1,1,1,1
MNG19 ,12,0.954,1.031,1.036,1.005,0.999,1.03,0.802,0.998,1.139,1.105,1.057,0.842
MNG20 ,12,0.984,0.937,0.965,0.977,1.006,1.014,1.012,0.966,0.959,1.154,1.013,1.012
MNG21 ,12,0.811,0.577,0.685,0.993,1.136,1.165,1.115,1.061,1.197,1.151,1.169,0.941
MNG22 ,12,1.123,0.943,0.942,0.957,1.007,1.03,1.009,0.998,1.003,0.981,0.999,1.007
MNG23 ,1,1,1,1,1,1,1,1,1,1,1,1,1
MNG24 ,12,0.973,0.946,0.991,1.034,1.021,0.994,1.01,0.99,0.986,1.053,1.01,0.992
MNG25 ,12,1.306,0.975,0.991,0.904,1.051,0.958,0.971,0.904,0.92,0.917,1.053,1.05
MNG26 ,12,1.062,0.893,0.996,0.987,0.995,1.033,1.06,0.911,0.919,1.024,1.029,1.089
MNG27 ,12,1.016,0.971,0.997,0.987,0.985,0.992,1.016,1.015,1.02,1.027,0.967,1.006
MNG28 ,12,0.963,0.98,0.987,1.06,1.039,1.063,1.073,1.001,0.775,1.006,1.022,1.03
MNG29 ,12,0.988,1.004,1.013,1.009,0.993,0.995,0.992,0.989,1.001,1.002,1.014,0.998
MNG30 ,1,1,1,1,1,1,1,1,1,1,1,1,1
MNG31 ,12,0.871,1.008,1.04,0.961,1.144,0.839,0.933,1.055,0.988,0.964,1.02,1.177
MNG32 ,12,0.843,1.06,0.971,0.926,1.169,0.88,0.889,1.141,1.094,0.977,1.043,1.007
MNG33 ,12,0.974,1.001,1.001,1.001,1.017,1.038,0.946,0.974,1.019,1.021,1.031,0.976
MNG34 ,1,1,1,1,1,1,1,1,1,1,1,1,1
MNG35 ,12,0.946,1.013,1.085,0.997,1,1.001,0.994,0.967,0.986,1,0.986,1.024
MNG36 ,12,0.895,0.987,1.096,1.009,0.987,1.01,0.992,0.991,1.036,1.01,0.976,1.011
MNG37 ,12,0.882,0.937,0.99,1.006,1.046,1.058,0.939,0.895,1.002,1.011,1.067,1.169
MNG38 ,12,0.946,0.951,0.978,1.005,1.048,1.03,0.922,0.95,1.011,1.041,1.087,1.03
MNC1  ,12,1.016,1.034,1.016,1.045,1.057,1.054,0.942,0.664,0.989,1.033,1.082,1.07
MNC2  ,1,1,1,1,1,1,1,1,1,1,1,1,1
MNC3  ,1,1,1,1,1,1,1,1,1,1,1,1,1
MNC4  ,1,1,1,1,1,1,1,1,1,1,1,1,1
MNC5  ,1,1,1,1,1,1,1,1,1,1,1,1,1
MNC6  ,1,1,1,1,1,1,1,1,1,1,1,1,1
MNC7  ,1,1,1,1,1,1,1,1,1,1,1,1,1
MNC8  ,1,1,1,1,1,1,1,1,1,1,1,1,1
MNC9  ,1,1,1,1,1,1,1,1,1,1,1,1,1
MNC10 ,1,1,1,1,1,1,1,1,1,1,1,1,1
MNC11 ,1,1,1,1,1,1,1,1,1,1,1,1,1
MNC12 ,1,1,1,1,1,1,1,1,1,1,1,1,1
MNC13 ,1,1,1,1,1,1,1,1,1,1,1,1,1
MNC14 ,1,1,1,1,1,1,1,1,1,1,1,1,1
MNC15 ,1,1,1,1,1,1,1,1,1,1,1,1,1
MNC16 ,1,1,1,1,1,1,1,1,1,1,1,1,1
MNC17 ,1,1,1,1,1,1,1,1,1,1,1,1,1
MNC18 ,1,1,1,1,1,1,1,1,1,1,1,1,1
MNC19 ,12,1.212,0.878,0.826,0.922,0.982,1.091,1.04,1.016,0.99,0.953,1.031,1.061
MNC20 ,12,0.985,1.004,1.015,1.016,1.012,1.019,0.955,0.987,1.009,1.012,1.003,0.984
MNC21 ,12,0.995,0.977,0.957,0.954,0.985,0.992,0.995,1.019,1.014,1.016,1.036,1.058
MNC22 ,12,0.983,0.949,0.936,0.916,0.956,1.063,1.035,1.065,1.065,1.041,0.982,1.009
MNC23 ,12,0.863,0.903,1.052,1.116,1.006,1.013,0.918,1.029,1.054,0.975,1.052,1.019
MNC24 ,1,1,1,1,1,1,1,1,1,1,1,1,1
MNC25 ,12,0.951,0.986,1.006,1.024,1.03,1.022,0.93,0.913,1.022,1.027,1.079,1.009
MNC26 ,12,0.986,1.013,1.032,1.041,1.049,1.032,1.011,0.783,1.012,1.007,1.033,1
MNC27 ,12,0.997,1.013,1.022,1.035,1.042,1.027,0.932,0.906,0.996,1.023,1.01,0.997
MNC28 ,12,0.97,1.014,1.025,1.032,1.046,1.013,0.879,0.951,1.01,1.024,1.047,0.987
MNC29 ,12,0.98,0.984,1.001,1.025,1.046,1.02,0.994,0.961,1.001,1.002,1.01,0.976
MNC30 ,12,1.003,1.042,1.048,1.002,1.019,1.015,0.909,0.835,1.031,1.046,1.062,0.988
MNC31 ,12,0.95,0.988,0.993,1.001,1.024,1.054,0.954,0.983,1.031,1.03,1.032,0.96
MNC32 ,12,0.961,0.968,0.971,1.021,1.024,1.041,0.93,0.944,0.972,1.063,1.053,1.053
MNC33 ,12,0.97,0.992,0.987,0.978,1.015,1.031,0.976,1.004,1.04,1.022,1.014,0.972
MNC34 ,12,1.001,0.993,0.997,1.009,1.017,1.004,0.992,0.987,0.989,0.997,1.005,1.008
MNC35 ,12,1.075,1.053,0.669,0.824,1.204,1.31,1.203,0.822,0.902,0.924,0.933,1.082
MNC36 ,12,0.998,0.989,1.015,0.983,1.057,1.011,0.955,0.948,0.998,0.982,1.027,1.037
MNC37 ,1,1,1,1,1,1,1,1,1,1,1,1,1
MNC38 ,1,1,1,1,1,1,1,1,1,1,1,1,1
MNC39 ,1,1,1,1,1,1,1,1,1,1,1,1,1
MNC40 ,1,1,1,1,1,1,1,1,1,1,1,1,1
MNC41 ,1,1,1,1,1,1,1,1,1,1,1,1,1
MNC42 ,1,1,1,1,1,1,1,1,1,1,1,1,1
MNC43 ,1,1,1,1,1,1,1,1,1,1,1,1,1
MNC44 ,1,1,1,1,1,1,1,1,1,1,1,1,1
MNC45 ,1,1,1,1,1,1,1,1,1,1,1,1,1
MNC46 ,1,1,1,1,1,1,1,1,1,1,1,1,1
MNC47 ,1,1,1,1,1,1,1,1,1,1,1,1,1
MNC48 ,1,1,1,1,1,1,1,1,1,1,1,1,1
MND1  ,12,1.349,1.279,1.209,1.119,0.824,0.685,0.597,0.755,0.818,0.943,1.099,1.323
MND2  ,1,1,1,1,1,1,1,1,1,1,1,1,1
MND3  ,1,1,1,1,1,1,1,1,1,1,1,1,1
MND4  ,1,1,1,1,1,1,1,1,1,1,1,1,1
MND5  ,12,0.553,0.648,0.738,1.449,0.634,1.223,1.46,1.403,1.109,1.093,0.691,0.998
MND6  ,12,0.954,0.902,1.02,1.077,1.118,1.057,1.069,0.958,0.931,0.987,0.947,0.981
MND7  ,12,1.065,1.055,1.056,1.033,0.974,0.938,0.93,0.954,0.921,1.019,1.018,1.036
MND8  ,12,1.062,1.039,1.054,1.06,0.984,0.934,0.904,0.888,0.912,1.031,1.04,1.094
MND9  ,1,1,1,1,1,1,1,1,1,1,1,1,1
MND10 ,12,1.091,0.94,1.069,0.95,1.004,0.971,1.021,0.861,0.906,1.008,0.945,1.233
MND11 ,12,0.97,0.909,0.812,0.693,0.706,0.582,0.979,2.172,1.817,0.786,0.959,0.615
MND12 ,12,1.083,1.045,0.866,0.761,0.768,0.595,0.893,1.818,1.588,0.863,1.083,0.637
MND13 ,12,0.619,0.514,0.575,0.56,0.636,0.945,2.027,2.066,1.07,0.742,0.792,1.454
MND14 ,12,0.656,0.56,0.617,0.598,0.688,0.882,1.687,1.978,1.068,0.807,0.874,1.585
MND15 ,1,1,1,1,1,1,1,1,1,1,1,1,1
MND16 ,1,1,1,1,1,1,1,1,1,1,1,1,1
MND17 ,1,1,1,1,1,1,1,1,1,1,1,1,1
MND18 ,1,1,1,1,1,1,1,1,1,1,1,1,1
MND19 ,1,1,1,1,1,1,1,1,1,1,1,1,1
MND20 ,1,1,1,1,1,1,1,1,1,1,1,1,1
MND21 ,1,1,1,1,1,1,1,1,1,1,1,1,1
MND22 ,1,1,1,1,1,1,1,1,1,1,1,1,1
MND23 ,1,1,1,1,1,1,1,1,1,1,1,1,1
MND24 ,1,1,1,1,1,1,1,1,1,1,1,1,1
MND25 ,1,1,1,1,1,1,1,1,1,1,1,1,1
MND26 ,12,0.054,0.107,0.273,0.661,1.164,0.57,0.445,0.46,5.328,2.84,0.043,0.054
MND27 ,12,0.769,0.81,0.764,0.896,0.977,1.468,1.044,1.305,1.053,0.989,0.94,0.985
MND28 ,12,0.99,0.989,0.992,0.99,0.991,1.018,1.023,1.014,0.996,1.001,0.999,0.996
MND29 ,12,0.98,0.983,0.989,0.993,0.997,1.012,1.021,1.017,0.998,1.006,1.003,1
MND30 ,12,0.854,0.853,0.897,0.961,1.041,1.152,1.182,1.131,1.043,1.041,0.956,0.888
MND31 ,12,0.983,0.986,0.992,0.994,0.996,1.009,1.013,1.012,0.998,1.007,1.005,1.004
MND32 ,12,1.118,1.121,1.038,0.96,0.881,1.099,1.061,0.985,0.969,0.908,0.932,0.927
MND33 ,1,1,1,1,1,1,1,1,1,1,1,1,1
MND34 ,1,1,1,1,1,1,1,1,1,1,1,1,1
MND35 ,1,1,1,1,1,1,1,1,1,1,1,1,1
MND36 ,1,1,1,1,1,1,1,1,1,1,1,1,1
MND37 ,1,1,1,1,1,1,1,1,1,1,1,1,1
MND38 ,1,1,1,1,1,1,1,1,1,1,1,1,1
MND39 ,1,1,1,1,1,1,1,1,1,1,1,1,1
MND40 ,1,1,1,1,1,1,1,1,1,1,1,1,1
MND41 ,1,1,1,1,1,1,1,1,1,1,1,1,1
MND42 ,1,1,1,1,1,1,1,1,1,1,1,1,1
MND43 ,1,1,1,1,1,1,1,1,1,1,1,1,1
MND44 ,1,1,1,1,1,1,1,1,1,1,1,1,1
MND45 ,1,1,1,1,1,1,1,1,1,1,1,1,1
MND46 ,1,1,1,1,1,1,1,1,1,1,1,1,1
MND47 ,1,1,1,1,1,1,1,1,1,1,1,1,1
MND48 ,1,1,1,1,1,1,1,1,1,1,1,1,1
MND49 ,1,1,1,1,1,1,1,1,1,1,1,1,1
MND50 ,1,1,1,1,1,1,1,1,1,1,1,1,1
MND51 ,1,1,1,1,1,1,1,1,1,1,1,1,1
MND52 ,12,1.005,1.037,0.944,1.012,1.016,1.013,1.01,1.01,0.997,0.992,0.983,0.981
MND53 ,1,1,1,1,1,1,1,1,1,1,1,1,1
MND54 ,12,1.172,1.135,1.07,1.033,0.951,0.858,0.84,0.949,0.93,0.989,1.029,1.044
MND55 ,12,1.157,1.137,1.082,1.036,0.964,0.882,0.85,0.889,0.911,0.989,1.048,1.056
MND56 ,12,0.849,0.882,0.957,1.038,1.077,1.157,1.196,1.104,1.017,0.952,0.901,0.871
MND57 ,12,0.567,0.523,0.495,0.86,1.015,1.026,0.853,0.874,0.984,1.078,1,2.725
MND58 ,12,0.79,0.695,0.333,1.603,1.003,1.056,0.758,1.04,1.742,1.664,0.561,0.757
MND59 ,12,1.123,1.014,0.187,1.31,1.141,1.108,0.91,1.16,1.142,1.312,1.039,0.554
MND60 ,12,0.565,0.657,0.7,1.024,1.174,1.028,1.207,0.99,1.093,1.124,1.151,1.287
MND61 ,1,1,1,1,1,1,1,1,1,1,1,1,1
MND62 ,1,1,1,1,1,1,1,1,1,1,1,1,1
MND63 ,1,1,1,1,1,1,1,1,1,1,1,1,1
MND64 ,12,0.95,0.911,0.95,1.017,0.933,0.862,0.999,1,0.889,0.953,0.931,1.603
MND65 ,12,1.269,1.312,1.312,1.139,1.088,0.94,0.68,0.596,0.602,0.847,0.898,1.317
MND66 ,12,0.504,0.585,0.603,0.899,1.122,1.642,1.139,1.32,0.821,0.864,1.04,1.461
MND67 ,12,0.548,0.723,0.779,1.273,1.348,0.927,1.183,1.499,0.946,1.035,0.724,1.016
MND68 ,12,0.647,0.793,0.857,1.048,1.272,1.012,1.32,1.727,0.735,0.964,0.809,0.816
MND69 ,12,0.656,0.716,0.949,1.077,1.229,1.118,1.266,1.374,0.966,0.961,0.764,0.925
MND71 ,1,1,1,1,1,1,1,1,1,1,1,1,1
MND72 ,12,0.588,0.723,0.671,0.957,1.369,0.813,0.882,1.225,0.988,1.359,1.294,1.132
MND73 ,12,0.721,0.635,0.782,0.922,0.86,0.849,1.158,1.388,1.264,0.978,0.735,1.708
MND74 ,12,0.862,0.822,0.934,0.932,1.05,1.028,1.094,1.094,1.044,1.06,1.029,1.051
MND75 ,1,1,1,1,1,1,1,1,1,1,1,1,1
MND76 ,12,0.946,0.568,0.718,1.076,0.804,1.091,1.137,1.5,1.256,1.053,0.536,1.315
